declet,sign,shift,number"
"000","8","0","000"
"001","8","0","001"
"002","8","0","002"
"003","8","0","003"
"004","8","0","004"
"005","8","0","005"
"006","8","0","006"
"007","8","0","007"
"008","8","0","008"
"009","8","0","009"
"00A","8","0","010"
"00B","8","0","011"
"00C","8","0","012"
"00D","8","0","013"
"00E","8","0","014"
"00F","8","0","015"
"010","8","0","016"
"011","8","0","017"
"012","8","0","018"
"013","8","0","019"
"014","8","0","020"
"015","8","0","021"
"016","8","0","022"
"017","8","0","023"
"018","8","0","024"
"019","8","0","025"
"01A","8","0","026"
"01B","8","0","027"
"01C","8","0","028"
"01D","8","0","029"
"01E","8","0","030"
"01F","8","0","031"
"020","8","0","032"
"021","8","0","033"
"022","8","0","034"
"023","8","0","035"
"024","8","0","036"
"025","8","0","037"
"026","8","0","038"
"027","8","0","039"
"028","8","0","040"
"029","8","0","041"
"02A","8","0","042"
"02B","8","0","043"
"02C","8","0","044"
"02D","8","0","045"
"02E","8","0","046"
"02F","8","0","047"
"030","8","0","048"
"031","8","0","049"
"032","8","0","050"
"033","8","0","051"
"034","8","0","052"
"035","8","0","053"
"036","8","0","054"
"037","8","0","055"
"038","8","0","056"
"039","8","0","057"
"03A","8","0","058"
"03B","8","0","059"
"03C","8","0","060"
"03D","8","0","061"
"03E","8","0","062"
"03F","8","0","063"
"040","8","0","064"
"041","8","0","065"
"042","8","0","066"
"043","8","0","067"
"044","8","0","068"
"045","8","0","069"
"046","8","0","070"
"047","8","0","071"
"048","8","0","072"
"049","8","0","073"
"04A","8","0","074"
"04B","8","0","075"
"04C","8","0","076"
"04D","8","0","077"
"04E","8","0","078"
"04F","8","0","079"
"050","8","0","080"
"051","8","0","081"
"052","8","0","082"
"053","8","0","083"
"054","8","0","084"
"055","8","0","085"
"056","8","0","086"
"057","8","0","087"
"058","8","0","088"
"059","8","0","089"
"05A","8","0","090"
"05B","8","0","091"
"05C","8","0","092"
"05D","8","0","093"
"05E","8","0","094"
"05F","8","0","095"
"060","8","0","096"
"061","8","0","097"
"062","8","0","098"
"063","8","0","099"
"064","8","0","100"
"065","8","0","101"
"066","8","0","102"
"067","8","0","103"
"068","8","0","104"
"069","8","0","105"
"06A","8","0","106"
"06B","8","0","107"
"06C","8","0","108"
"06D","8","0","109"
"06E","8","0","110"
"06F","8","0","111"
"070","8","0","112"
"071","8","0","113"
"072","8","0","114"
"073","8","0","115"
"074","8","0","116"
"075","8","0","117"
"076","8","0","118"
"077","8","0","119"
"078","8","0","120"
"079","8","0","121"
"07A","8","0","122"
"07B","8","0","123"
"07C","8","0","124"
"07D","8","0","125"
"07E","8","0","126"
"07F","8","0","127"
"080","8","0","128"
"081","8","0","129"
"082","8","0","130"
"083","8","0","131"
"084","8","0","132"
"085","8","0","133"
"086","8","0","134"
"087","8","0","135"
"088","8","0","136"
"089","8","0","137"
"08A","8","0","138"
"08B","8","0","139"
"08C","8","0","140"
"08D","8","0","141"
"08E","8","0","142"
"08F","8","0","143"
"090","8","0","144"
"091","8","0","145"
"092","8","0","146"
"093","8","0","147"
"094","8","0","148"
"095","8","0","149"
"096","8","0","150"
"097","8","0","151"
"098","8","0","152"
"099","8","0","153"
"09A","8","0","154"
"09B","8","0","155"
"09C","8","0","156"
"09D","8","0","157"
"09E","8","0","158"
"09F","8","0","159"
"0A0","8","0","160"
"0A1","8","0","161"
"0A2","8","0","162"
"0A3","8","0","163"
"0A4","8","0","164"
"0A5","8","0","165"
"0A6","8","0","166"
"0A7","8","0","167"
"0A8","8","0","168"
"0A9","8","0","169"
"0AA","8","0","170"
"0AB","8","0","171"
"0AC","8","0","172"
"0AD","8","0","173"
"0AE","8","0","174"
"0AF","8","0","175"
"0B0","8","0","176"
"0B1","8","0","177"
"0B2","8","0","178"
"0B3","8","0","179"
"0B4","8","0","180"
"0B5","8","0","181"
"0B6","8","0","182"
"0B7","8","0","183"
"0B8","8","0","184"
"0B9","8","0","185"
"0BA","8","0","186"
"0BB","8","0","187"
"0BC","8","0","188"
"0BD","8","0","189"
"0BE","8","0","190"
"0BF","8","0","191"
"0C0","8","0","192"
"0C1","8","0","193"
"0C2","8","0","194"
"0C3","8","0","195"
"0C4","8","0","196"
"0C5","8","0","197"
"0C6","8","0","198"
"0C7","8","0","199"
"0C8","8","0","200"
"0C9","8","0","201"
"0CA","8","0","202"
"0CB","8","0","203"
"0CC","8","0","204"
"0CD","8","0","205"
"0CE","8","0","206"
"0CF","8","0","207"
"0D0","8","0","208"
"0D1","8","0","209"
"0D2","8","0","210"
"0D3","8","0","211"
"0D4","8","0","212"
"0D5","8","0","213"
"0D6","8","0","214"
"0D7","8","0","215"
"0D8","8","0","216"
"0D9","8","0","217"
"0DA","8","0","218"
"0DB","8","0","219"
"0DC","8","0","220"
"0DD","8","0","221"
"0DE","8","0","222"
"0DF","8","0","223"
"0E0","8","0","224"
"0E1","8","0","225"
"0E2","8","0","226"
"0E3","8","0","227"
"0E4","8","0","228"
"0E5","8","0","229"
"0E6","8","0","230"
"0E7","8","0","231"
"0E8","8","0","232"
"0E9","8","0","233"
"0EA","8","0","234"
"0EB","8","0","235"
"0EC","8","0","236"
"0ED","8","0","237"
"0EE","8","0","238"
"0EF","8","0","239"
"0F0","8","0","240"
"0F1","8","0","241"
"0F2","8","0","242"
"0F3","8","0","243"
"0F4","8","0","244"
"0F5","8","0","245"
"0F6","8","0","246"
"0F7","8","0","247"
"0F8","8","0","248"
"0F9","8","0","249"
"0FA","8","0","250"
"0FB","8","0","251"
"0FC","8","0","252"
"0FD","8","0","253"
"0FE","8","0","254"
"0FF","8","0","255"
"100","8","0","256"
"101","8","0","257"
"102","8","0","258"
"103","8","0","259"
"104","8","0","260"
"105","8","0","261"
"106","8","0","262"
"107","8","0","263"
"108","8","0","264"
"109","8","0","265"
"10A","8","0","266"
"10B","8","0","267"
"10C","8","0","268"
"10D","8","0","269"
"10E","8","0","270"
"10F","8","0","271"
"110","8","0","272"
"111","8","0","273"
"112","8","0","274"
"113","8","0","275"
"114","8","0","276"
"115","8","0","277"
"116","8","0","278"
"117","8","0","279"
"118","8","0","280"
"119","8","0","281"
"11A","8","0","282"
"11B","8","0","283"
"11C","8","0","284"
"11D","8","0","285"
"11E","8","0","286"
"11F","8","0","287"
"120","8","0","288"
"121","8","0","289"
"122","8","0","290"
"123","8","0","291"
"124","8","0","292"
"125","8","0","293"
"126","8","0","294"
"127","8","0","295"
"128","8","0","296"
"129","8","0","297"
"12A","8","0","298"
"12B","8","0","299"
"12C","8","0","300"
"12D","8","0","301"
"12E","8","0","302"
"12F","8","0","303"
"130","8","0","304"
"131","8","0","305"
"132","8","0","306"
"133","8","0","307"
"134","8","0","308"
"135","8","0","309"
"136","8","0","310"
"137","8","0","311"
"138","8","0","312"
"139","8","0","313"
"13A","8","0","314"
"13B","8","0","315"
"13C","8","0","316"
"13D","8","0","317"
"13E","8","0","318"
"13F","8","0","319"
"140","8","0","320"
"141","8","0","321"
"142","8","0","322"
"143","8","0","323"
"144","8","0","324"
"145","8","0","325"
"146","8","0","326"
"147","8","0","327"
"148","8","0","328"
"149","8","0","329"
"14A","8","0","330"
"14B","8","0","331"
"14C","8","0","332"
"14D","8","0","333"
"14E","8","0","334"
"14F","8","0","335"
"150","8","0","336"
"151","8","0","337"
"152","8","0","338"
"153","8","0","339"
"154","8","0","340"
"155","8","0","341"
"156","8","0","342"
"157","8","0","343"
"158","8","0","344"
"159","8","0","345"
"15A","8","0","346"
"15B","8","0","347"
"15C","8","0","348"
"15D","8","0","349"
"15E","8","0","350"
"15F","8","0","351"
"160","8","0","352"
"161","8","0","353"
"162","8","0","354"
"163","8","0","355"
"164","8","0","356"
"165","8","0","357"
"166","8","0","358"
"167","8","0","359"
"168","8","0","360"
"169","8","0","361"
"16A","8","0","362"
"16B","8","0","363"
"16C","8","0","364"
"16D","8","0","365"
"16E","8","0","366"
"16F","8","0","367"
"170","8","0","368"
"171","8","0","369"
"172","8","0","370"
"173","8","0","371"
"174","8","0","372"
"175","8","0","373"
"176","8","0","374"
"177","8","0","375"
"178","8","0","376"
"179","8","0","377"
"17A","8","0","378"
"17B","8","0","379"
"17C","8","0","380"
"17D","8","0","381"
"17E","8","0","382"
"17F","8","0","383"
"180","8","0","384"
"181","8","0","385"
"182","8","0","386"
"183","8","0","387"
"184","8","0","388"
"185","8","0","389"
"186","8","0","390"
"187","8","0","391"
"188","8","0","392"
"189","8","0","393"
"18A","8","0","394"
"18B","8","0","395"
"18C","8","0","396"
"18D","8","0","397"
"18E","8","0","398"
"18F","8","0","399"
"190","8","0","400"
"191","8","0","401"
"192","8","0","402"
"193","8","0","403"
"194","8","0","404"
"195","8","0","405"
"196","8","0","406"
"197","8","0","407"
"198","8","0","408"
"199","8","0","409"
"19A","8","0","410"
"19B","8","0","411"
"19C","8","0","412"
"19D","8","0","413"
"19E","8","0","414"
"19F","8","0","415"
"1A0","8","0","416"
"1A1","8","0","417"
"1A2","8","0","418"
"1A3","8","0","419"
"1A4","8","0","420"
"1A5","8","0","421"
"1A6","8","0","422"
"1A7","8","0","423"
"1A8","8","0","424"
"1A9","8","0","425"
"1AA","8","0","426"
"1AB","8","0","427"
"1AC","8","0","428"
"1AD","8","0","429"
"1AE","8","0","430"
"1AF","8","0","431"
"1B0","8","0","432"
"1B1","8","0","433"
"1B2","8","0","434"
"1B3","8","0","435"
"1B4","8","0","436"
"1B5","8","0","437"
"1B6","8","0","438"
"1B7","8","0","439"
"1B8","8","0","440"
"1B9","8","0","441"
"1BA","8","0","442"
"1BB","8","0","443"
"1BC","8","0","444"
"1BD","8","0","445"
"1BE","8","0","446"
"1BF","8","0","447"
"1C0","8","0","448"
"1C1","8","0","449"
"1C2","8","0","450"
"1C3","8","0","451"
"1C4","8","0","452"
"1C5","8","0","453"
"1C6","8","0","454"
"1C7","8","0","455"
"1C8","8","0","456"
"1C9","8","0","457"
"1CA","8","0","458"
"1CB","8","0","459"
"1CC","8","0","460"
"1CD","8","0","461"
"1CE","8","0","462"
"1CF","8","0","463"
"1D0","8","0","464"
"1D1","8","0","465"
"1D2","8","0","466"
"1D3","8","0","467"
"1D4","8","0","468"
"1D5","8","0","469"
"1D6","8","0","470"
"1D7","8","0","471"
"1D8","8","0","472"
"1D9","8","0","473"
"1DA","8","0","474"
"1DB","8","0","475"
"1DC","8","0","476"
"1DD","8","0","477"
"1DE","8","0","478"
"1DF","8","0","479"
"1E0","8","0","480"
"1E1","8","0","481"
"1E2","8","0","482"
"1E3","8","0","483"
"1E4","8","0","484"
"1E5","8","0","485"
"1E6","8","0","486"
"1E7","8","0","487"
"1E8","8","0","488"
"1E9","8","0","489"
"1EA","8","0","490"
"1EB","8","0","491"
"1EC","8","0","492"
"1ED","8","0","493"
"1EE","8","0","494"
"1EF","8","0","495"
"1F0","8","0","496"
"1F1","8","0","497"
"1F2","8","0","498"
"1F3","8","0","499"
"1F4","8","0","500"
"1F5","8","0","501"
"1F6","8","0","502"
"1F7","8","0","503"
"1F8","8","0","504"
"1F9","8","0","505"
"1FA","8","0","506"
"1FB","8","0","507"
"1FC","8","0","508"
"1FD","8","0","509"
"1FE","8","0","510"
"1FF","8","0","511"
"200","8","0","512"
"201","8","0","513"
"202","8","0","514"
"203","8","0","515"
"204","8","0","516"
"205","8","0","517"
"206","8","0","518"
"207","8","0","519"
"208","8","0","520"
"209","8","0","521"
"20A","8","0","522"
"20B","8","0","523"
"20C","8","0","524"
"20D","8","0","525"
"20E","8","0","526"
"20F","8","0","527"
"210","8","0","528"
"211","8","0","529"
"212","8","0","530"
"213","8","0","531"
"214","8","0","532"
"215","8","0","533"
"216","8","0","534"
"217","8","0","535"
"218","8","0","536"
"219","8","0","537"
"21A","8","0","538"
"21B","8","0","539"
"21C","8","0","540"
"21D","8","0","541"
"21E","8","0","542"
"21F","8","0","543"
"220","8","0","544"
"221","8","0","545"
"222","8","0","546"
"223","8","0","547"
"224","8","0","548"
"225","8","0","549"
"226","8","0","550"
"227","8","0","551"
"228","8","0","552"
"229","8","0","553"
"22A","8","0","554"
"22B","8","0","555"
"22C","8","0","556"
"22D","8","0","557"
"22E","8","0","558"
"22F","8","0","559"
"230","8","0","560"
"231","8","0","561"
"232","8","0","562"
"233","8","0","563"
"234","8","0","564"
"235","8","0","565"
"236","8","0","566"
"237","8","0","567"
"238","8","0","568"
"239","8","0","569"
"23A","8","0","570"
"23B","8","0","571"
"23C","8","0","572"
"23D","8","0","573"
"23E","8","0","574"
"23F","8","0","575"
"240","8","0","576"
"241","8","0","577"
"242","8","0","578"
"243","8","0","579"
"244","8","0","580"
"245","8","0","581"
"246","8","0","582"
"247","8","0","583"
"248","8","0","584"
"249","8","0","585"
"24A","8","0","586"
"24B","8","0","587"
"24C","8","0","588"
"24D","8","0","589"
"24E","8","0","590"
"24F","8","0","591"
"250","8","0","592"
"251","8","0","593"
"252","8","0","594"
"253","8","0","595"
"254","8","0","596"
"255","8","0","597"
"256","8","0","598"
"257","8","0","599"
"258","8","0","600"
"259","8","0","601"
"25A","8","0","602"
"25B","8","0","603"
"25C","8","0","604"
"25D","8","0","605"
"25E","8","0","606"
"25F","8","0","607"
"260","8","0","608"
"261","8","0","609"
"262","8","0","610"
"263","8","0","611"
"264","8","0","612"
"265","8","0","613"
"266","8","0","614"
"267","8","0","615"
"268","8","0","616"
"269","8","0","617"
"26A","8","0","618"
"26B","8","0","619"
"26C","8","0","620"
"26D","8","0","621"
"26E","8","0","622"
"26F","8","0","623"
"270","8","0","624"
"271","8","0","625"
"272","8","0","626"
"273","8","0","627"
"274","8","0","628"
"275","8","0","629"
"276","8","0","630"
"277","8","0","631"
"278","8","0","632"
"279","8","0","633"
"27A","8","0","634"
"27B","8","0","635"
"27C","8","0","636"
"27D","8","0","637"
"27E","8","0","638"
"27F","8","0","639"
"280","8","0","640"
"281","8","0","641"
"282","8","0","642"
"283","8","0","643"
"284","8","0","644"
"285","8","0","645"
"286","8","0","646"
"287","8","0","647"
"288","8","0","648"
"289","8","0","649"
"28A","8","0","650"
"28B","8","0","651"
"28C","8","0","652"
"28D","8","0","653"
"28E","8","0","654"
"28F","8","0","655"
"290","8","0","656"
"291","8","0","657"
"292","8","0","658"
"293","8","0","659"
"294","8","0","660"
"295","8","0","661"
"296","8","0","662"
"297","8","0","663"
"298","8","0","664"
"299","8","0","665"
"29A","8","0","666"
"29B","8","0","667"
"29C","8","0","668"
"29D","8","0","669"
"29E","8","0","670"
"29F","8","0","671"
"2A0","8","0","672"
"2A1","8","0","673"
"2A2","8","0","674"
"2A3","8","0","675"
"2A4","8","0","676"
"2A5","8","0","677"
"2A6","8","0","678"
"2A7","8","0","679"
"2A8","8","0","680"
"2A9","8","0","681"
"2AA","8","0","682"
"2AB","8","0","683"
"2AC","8","0","684"
"2AD","8","0","685"
"2AE","8","0","686"
"2AF","8","0","687"
"2B0","8","0","688"
"2B1","8","0","689"
"2B2","8","0","690"
"2B3","8","0","691"
"2B4","8","0","692"
"2B5","8","0","693"
"2B6","8","0","694"
"2B7","8","0","695"
"2B8","8","0","696"
"2B9","8","0","697"
"2BA","8","0","698"
"2BB","8","0","699"
"2BC","8","0","700"
"2BD","8","0","701"
"2BE","8","0","702"
"2BF","8","0","703"
"2C0","8","0","704"
"2C1","8","0","705"
"2C2","8","0","706"
"2C3","8","0","707"
"2C4","8","0","708"
"2C5","8","0","709"
"2C6","8","0","710"
"2C7","8","0","711"
"2C8","8","0","712"
"2C9","8","0","713"
"2CA","8","0","714"
"2CB","8","0","715"
"2CC","8","0","716"
"2CD","8","0","717"
"2CE","8","0","718"
"2CF","8","0","719"
"2D0","8","0","720"
"2D1","8","0","721"
"2D2","8","0","722"
"2D3","8","0","723"
"2D4","8","0","724"
"2D5","8","0","725"
"2D6","8","0","726"
"2D7","8","0","727"
"2D8","8","0","728"
"2D9","8","0","729"
"2DA","8","0","730"
"2DB","8","0","731"
"2DC","8","0","732"
"2DD","8","0","733"
"2DE","8","0","734"
"2DF","8","0","735"
"2E0","8","0","736"
"2E1","8","0","737"
"2E2","8","0","738"
"2E3","8","0","739"
"2E4","8","0","740"
"2E5","8","0","741"
"2E6","8","0","742"
"2E7","8","0","743"
"2E8","8","0","744"
"2E9","8","0","745"
"2EA","8","0","746"
"2EB","8","0","747"
"2EC","8","0","748"
"2ED","8","0","749"
"2EE","8","0","750"
"2EF","8","0","751"
"2F0","8","0","752"
"2F1","8","0","753"
"2F2","8","0","754"
"2F3","8","0","755"
"2F4","8","0","756"
"2F5","8","0","757"
"2F6","8","0","758"
"2F7","8","0","759"
"2F8","8","0","760"
"2F9","8","0","761"
"2FA","8","0","762"
"2FB","8","0","763"
"2FC","8","0","764"
"2FD","8","0","765"
"2FE","8","0","766"
"2FF","8","0","767"
"300","8","0","768"
"301","8","0","769"
"302","8","0","770"
"303","8","0","771"
"304","8","0","772"
"305","8","0","773"
"306","8","0","774"
"307","8","0","775"
"308","8","0","776"
"309","8","0","777"
"30A","8","0","778"
"30B","8","0","779"
"30C","8","0","780"
"30D","8","0","781"
"30E","8","0","782"
"30F","8","0","783"
"310","8","0","784"
"311","8","0","785"
"312","8","0","786"
"313","8","0","787"
"314","8","0","788"
"315","8","0","789"
"316","8","0","790"
"317","8","0","791"
"318","8","0","792"
"319","8","0","793"
"31A","8","0","794"
"31B","8","0","795"
"31C","8","0","796"
"31D","8","0","797"
"31E","8","0","798"
"31F","8","0","799"
"320","8","0","800"
"321","8","0","801"
"322","8","0","802"
"323","8","0","803"
"324","8","0","804"
"325","8","0","805"
"326","8","0","806"
"327","8","0","807"
"328","8","0","808"
"329","8","0","809"
"32A","8","0","810"
"32B","8","0","811"
"32C","8","0","812"
"32D","8","0","813"
"32E","8","0","814"
"32F","8","0","815"
"330","8","0","816"
"331","8","0","817"
"332","8","0","818"
"333","8","0","819"
"334","8","0","820"
"335","8","0","821"
"336","8","0","822"
"337","8","0","823"
"338","8","0","824"
"339","8","0","825"
"33A","8","0","826"
"33B","8","0","827"
"33C","8","0","828"
"33D","8","0","829"
"33E","8","0","830"
"33F","8","0","831"
"340","8","0","832"
"341","8","0","833"
"342","8","0","834"
"343","8","0","835"
"344","8","0","836"
"345","8","0","837"
"346","8","0","838"
"347","8","0","839"
"348","8","0","840"
"349","8","0","841"
"34A","8","0","842"
"34B","8","0","843"
"34C","8","0","844"
"34D","8","0","845"
"34E","8","0","846"
"34F","8","0","847"
"350","8","0","848"
"351","8","0","849"
"352","8","0","850"
"353","8","0","851"
"354","8","0","852"
"355","8","0","853"
"356","8","0","854"
"357","8","0","855"
"358","8","0","856"
"359","8","0","857"
"35A","8","0","858"
"35B","8","0","859"
"35C","8","0","860"
"35D","8","0","861"
"35E","8","0","862"
"35F","8","0","863"
"360","8","0","864"
"361","8","0","865"
"362","8","0","866"
"363","8","0","867"
"364","8","0","868"
"365","8","0","869"
"366","8","0","870"
"367","8","0","871"
"368","8","0","872"
"369","8","0","873"
"36A","8","0","874"
"36B","8","0","875"
"36C","8","0","876"
"36D","8","0","877"
"36E","8","0","878"
"36F","8","0","879"
"370","8","0","880"
"371","8","0","881"
"372","8","0","882"
"373","8","0","883"
"374","8","0","884"
"375","8","0","885"
"376","8","0","886"
"377","8","0","887"
"378","8","0","888"
"379","8","0","889"
"37A","8","0","890"
"37B","8","0","891"
"37C","8","0","892"
"37D","8","0","893"
"37E","8","0","894"
"37F","8","0","895"
"380","8","0","896"
"381","8","0","897"
"382","8","0","898"
"383","8","0","899"
"384","8","0","900"
"385","8","0","901"
"386","8","0","902"
"387","8","0","903"
"388","8","0","904"
"389","8","0","905"
"38A","8","0","906"
"38B","8","0","907"
"38C","8","0","908"
"38D","8","0","909"
"38E","8","0","910"
"38F","8","0","911"
"390","8","0","912"
"391","8","0","913"
"392","8","0","914"
"393","8","0","915"
"394","8","0","916"
"395","8","0","917"
"396","8","0","918"
"397","8","0","919"
"398","8","0","920"
"399","8","0","921"
"39A","8","0","922"
"39B","8","0","923"
"39C","8","0","924"
"39D","8","0","925"
"39E","8","0","926"
"39F","8","0","927"
"3A0","8","0","928"
"3A1","8","0","929"
"3A2","8","0","930"
"3A3","8","0","931"
"3A4","8","0","932"
"3A5","8","0","933"
"3A6","8","0","934"
"3A7","8","0","935"
"3A8","8","0","936"
"3A9","8","0","937"
"3AA","8","0","938"
"3AB","8","0","939"
"3AC","8","0","940"
"3AD","8","0","941"
"3AE","8","0","942"
"3AF","8","0","943"
"3B0","8","0","944"
"3B1","8","0","945"
"3B2","8","0","946"
"3B3","8","0","947"
"3B4","8","0","948"
"3B5","8","0","949"
"3B6","8","0","950"
"3B7","8","0","951"
"3B8","8","0","952"
"3B9","8","0","953"
"3BA","8","0","954"
"3BB","8","0","955"
"3BC","8","0","956"
"3BD","8","0","957"
"3BE","8","0","958"
"3BF","8","0","959"
"3C0","8","0","960"
"3C1","8","0","961"
"3C2","8","0","962"
"3C3","8","0","963"
"3C4","8","0","964"
"3C5","8","0","965"
"3C6","8","0","966"
"3C7","8","0","967"
"3C8","8","0","968"
"3C9","8","0","969"
"3CA","8","0","970"
"3CB","8","0","971"
"3CC","8","0","972"
"3CD","8","0","973"
"3CE","8","0","974"
"3CF","8","0","975"
"3D0","8","0","976"
"3D1","8","0","977"
"3D2","8","0","978"
"3D3","8","0","979"
"3D4","8","0","980"
"3D5","8","0","981"
"3D6","8","0","982"
"3D7","8","0","983"
"3D8","8","0","984"
"3D9","8","0","985"
"3DA","8","0","986"
"3DB","8","0","987"
"3DC","8","0","988"
"3DD","8","0","989"
"3DE","8","0","990"
"3DF","8","0","991"
"3E0","8","0","992"
"3E1","8","0","993"
"3E2","8","0","994"
"3E3","8","0","995"
"3E4","8","0","996"
"3E5","8","0","997"
"3E6","8","0","998"
"3E7","8","0","999"
"000","8","2","000"
"004","8","2","001"
"008","8","2","002"
"00C","8","2","003"
"010","8","2","004"
"014","8","2","005"
"018","8","2","006"
"01C","8","2","007"
"020","8","2","008"
"024","8","2","009"
"028","8","2","010"
"02C","8","2","011"
"030","8","2","012"
"034","8","2","013"
"038","8","2","014"
"03C","8","2","015"
"040","8","2","016"
"044","8","2","017"
"048","8","2","018"
"04C","8","2","019"
"050","8","2","020"
"054","8","2","021"
"058","8","2","022"
"05C","8","2","023"
"060","8","2","024"
"064","8","2","025"
"068","8","2","026"
"06C","8","2","027"
"070","8","2","028"
"074","8","2","029"
"078","8","2","030"
"07C","8","2","031"
"080","8","2","032"
"084","8","2","033"
"088","8","2","034"
"08C","8","2","035"
"090","8","2","036"
"094","8","2","037"
"098","8","2","038"
"09C","8","2","039"
"0A0","8","2","040"
"0A4","8","2","041"
"0A8","8","2","042"
"0AC","8","2","043"
"0B0","8","2","044"
"0B4","8","2","045"
"0B8","8","2","046"
"0BC","8","2","047"
"0C0","8","2","048"
"0C4","8","2","049"
"0C8","8","2","050"
"0CC","8","2","051"
"0D0","8","2","052"
"0D4","8","2","053"
"0D8","8","2","054"
"0DC","8","2","055"
"0E0","8","2","056"
"0E4","8","2","057"
"0E8","8","2","058"
"0EC","8","2","059"
"0F0","8","2","060"
"0F4","8","2","061"
"0F8","8","2","062"
"0FC","8","2","063"
"100","8","2","064"
"104","8","2","065"
"108","8","2","066"
"10C","8","2","067"
"110","8","2","068"
"114","8","2","069"
"118","8","2","070"
"11C","8","2","071"
"120","8","2","072"
"124","8","2","073"
"128","8","2","074"
"12C","8","2","075"
"130","8","2","076"
"134","8","2","077"
"138","8","2","078"
"13C","8","2","079"
"140","8","2","080"
"144","8","2","081"
"148","8","2","082"
"14C","8","2","083"
"150","8","2","084"
"154","8","2","085"
"158","8","2","086"
"15C","8","2","087"
"160","8","2","088"
"164","8","2","089"
"168","8","2","090"
"16C","8","2","091"
"170","8","2","092"
"174","8","2","093"
"178","8","2","094"
"17C","8","2","095"
"180","8","2","096"
"184","8","2","097"
"188","8","2","098"
"18C","8","2","099"
"190","8","2","100"
"194","8","2","101"
"198","8","2","102"
"19C","8","2","103"
"1A0","8","2","104"
"1A4","8","2","105"
"1A8","8","2","106"
"1AC","8","2","107"
"1B0","8","2","108"
"1B4","8","2","109"
"1B8","8","2","110"
"1BC","8","2","111"
"1C0","8","2","112"
"1C4","8","2","113"
"1C8","8","2","114"
"1CC","8","2","115"
"1D0","8","2","116"
"1D4","8","2","117"
"1D8","8","2","118"
"1DC","8","2","119"
"1E0","8","2","120"
"1E4","8","2","121"
"1E8","8","2","122"
"1EC","8","2","123"
"1F0","8","2","124"
"1F4","8","2","125"
"1F8","8","2","126"
"1FC","8","2","127"
"200","8","2","128"
"204","8","2","129"
"208","8","2","130"
"20C","8","2","131"
"210","8","2","132"
"214","8","2","133"
"218","8","2","134"
"21C","8","2","135"
"220","8","2","136"
"224","8","2","137"
"228","8","2","138"
"22C","8","2","139"
"230","8","2","140"
"234","8","2","141"
"238","8","2","142"
"23C","8","2","143"
"240","8","2","144"
"244","8","2","145"
"248","8","2","146"
"24C","8","2","147"
"250","8","2","148"
"254","8","2","149"
"258","8","2","150"
"25C","8","2","151"
"260","8","2","152"
"264","8","2","153"
"268","8","2","154"
"26C","8","2","155"
"270","8","2","156"
"274","8","2","157"
"278","8","2","158"
"27C","8","2","159"
"280","8","2","160"
"284","8","2","161"
"288","8","2","162"
"28C","8","2","163"
"290","8","2","164"
"294","8","2","165"
"298","8","2","166"
"29C","8","2","167"
"2A0","8","2","168"
"2A4","8","2","169"
"2A8","8","2","170"
"2AC","8","2","171"
"2B0","8","2","172"
"2B4","8","2","173"
"2B8","8","2","174"
"2BC","8","2","175"
"2C0","8","2","176"
"2C4","8","2","177"
"2C8","8","2","178"
"2CC","8","2","179"
"2D0","8","2","180"
"2D4","8","2","181"
"2D8","8","2","182"
"2DC","8","2","183"
"2E0","8","2","184"
"2E4","8","2","185"
"2E8","8","2","186"
"2EC","8","2","187"
"2F0","8","2","188"
"2F4","8","2","189"
"2F8","8","2","190"
"2FC","8","2","191"
"300","8","2","192"
"304","8","2","193"
"308","8","2","194"
"30C","8","2","195"
"310","8","2","196"
"314","8","2","197"
"318","8","2","198"
"31C","8","2","199"
"320","8","2","200"
"324","8","2","201"
"328","8","2","202"
"32C","8","2","203"
"330","8","2","204"
"334","8","2","205"
"338","8","2","206"
"33C","8","2","207"
"340","8","2","208"
"344","8","2","209"
"348","8","2","210"
"34C","8","2","211"
"350","8","2","212"
"354","8","2","213"
"358","8","2","214"
"35C","8","2","215"
"360","8","2","216"
"364","8","2","217"
"368","8","2","218"
"36C","8","2","219"
"370","8","2","220"
"374","8","2","221"
"378","8","2","222"
"37C","8","2","223"
"380","8","2","224"
"384","8","2","225"
"388","8","2","226"
"38C","8","2","227"
"390","8","2","228"
"394","8","2","229"
"398","8","2","230"
"39C","8","2","231"
"3A0","8","2","232"
"3A4","8","2","233"
"3A8","8","2","234"
"3AC","8","2","235"
"3B0","8","2","236"
"3B4","8","2","237"
"3B8","8","2","238"
"3BC","8","2","239"
"3C0","8","2","240"
"3C4","8","2","241"
"3C8","8","2","242"
"3CC","8","2","243"
"3D0","8","2","244"
"3D4","8","2","245"
"3D8","8","2","246"
"3DC","8","2","247"
"3E0","8","2","248"
"3E4","8","2","249"
"3E8","8","2","250"
"3EC","8","2","251"
"3F0","8","2","252"
"3F4","8","2","253"
"3F8","8","2","254"
"3FC","8","2","255"
"400","8","2","256"
"404","8","2","257"
"408","8","2","258"
"40C","8","2","259"
"410","8","2","260"
"414","8","2","261"
"418","8","2","262"
"41C","8","2","263"
"420","8","2","264"
"424","8","2","265"
"428","8","2","266"
"42C","8","2","267"
"430","8","2","268"
"434","8","2","269"
"438","8","2","270"
"43C","8","2","271"
"440","8","2","272"
"444","8","2","273"
"448","8","2","274"
"44C","8","2","275"
"450","8","2","276"
"454","8","2","277"
"458","8","2","278"
"45C","8","2","279"
"460","8","2","280"
"464","8","2","281"
"468","8","2","282"
"46C","8","2","283"
"470","8","2","284"
"474","8","2","285"
"478","8","2","286"
"47C","8","2","287"
"480","8","2","288"
"484","8","2","289"
"488","8","2","290"
"48C","8","2","291"
"490","8","2","292"
"494","8","2","293"
"498","8","2","294"
"49C","8","2","295"
"4A0","8","2","296"
"4A4","8","2","297"
"4A8","8","2","298"
"4AC","8","2","299"
"4B0","8","2","300"
"4B4","8","2","301"
"4B8","8","2","302"
"4BC","8","2","303"
"4C0","8","2","304"
"4C4","8","2","305"
"4C8","8","2","306"
"4CC","8","2","307"
"4D0","8","2","308"
"4D4","8","2","309"
"4D8","8","2","310"
"4DC","8","2","311"
"4E0","8","2","312"
"4E4","8","2","313"
"4E8","8","2","314"
"4EC","8","2","315"
"4F0","8","2","316"
"4F4","8","2","317"
"4F8","8","2","318"
"4FC","8","2","319"
"500","8","2","320"
"504","8","2","321"
"508","8","2","322"
"50C","8","2","323"
"510","8","2","324"
"514","8","2","325"
"518","8","2","326"
"51C","8","2","327"
"520","8","2","328"
"524","8","2","329"
"528","8","2","330"
"52C","8","2","331"
"530","8","2","332"
"534","8","2","333"
"538","8","2","334"
"53C","8","2","335"
"540","8","2","336"
"544","8","2","337"
"548","8","2","338"
"54C","8","2","339"
"550","8","2","340"
"554","8","2","341"
"558","8","2","342"
"55C","8","2","343"
"560","8","2","344"
"564","8","2","345"
"568","8","2","346"
"56C","8","2","347"
"570","8","2","348"
"574","8","2","349"
"578","8","2","350"
"57C","8","2","351"
"580","8","2","352"
"584","8","2","353"
"588","8","2","354"
"58C","8","2","355"
"590","8","2","356"
"594","8","2","357"
"598","8","2","358"
"59C","8","2","359"
"5A0","8","2","360"
"5A4","8","2","361"
"5A8","8","2","362"
"5AC","8","2","363"
"5B0","8","2","364"
"5B4","8","2","365"
"5B8","8","2","366"
"5BC","8","2","367"
"5C0","8","2","368"
"5C4","8","2","369"
"5C8","8","2","370"
"5CC","8","2","371"
"5D0","8","2","372"
"5D4","8","2","373"
"5D8","8","2","374"
"5DC","8","2","375"
"5E0","8","2","376"
"5E4","8","2","377"
"5E8","8","2","378"
"5EC","8","2","379"
"5F0","8","2","380"
"5F4","8","2","381"
"5F8","8","2","382"
"5FC","8","2","383"
"600","8","2","384"
"604","8","2","385"
"608","8","2","386"
"60C","8","2","387"
"610","8","2","388"
"614","8","2","389"
"618","8","2","390"
"61C","8","2","391"
"620","8","2","392"
"624","8","2","393"
"628","8","2","394"
"62C","8","2","395"
"630","8","2","396"
"634","8","2","397"
"638","8","2","398"
"63C","8","2","399"
"640","8","2","400"
"644","8","2","401"
"648","8","2","402"
"64C","8","2","403"
"650","8","2","404"
"654","8","2","405"
"658","8","2","406"
"65C","8","2","407"
"660","8","2","408"
"664","8","2","409"
"668","8","2","410"
"66C","8","2","411"
"670","8","2","412"
"674","8","2","413"
"678","8","2","414"
"67C","8","2","415"
"680","8","2","416"
"684","8","2","417"
"688","8","2","418"
"68C","8","2","419"
"690","8","2","420"
"694","8","2","421"
"698","8","2","422"
"69C","8","2","423"
"6A0","8","2","424"
"6A4","8","2","425"
"6A8","8","2","426"
"6AC","8","2","427"
"6B0","8","2","428"
"6B4","8","2","429"
"6B8","8","2","430"
"6BC","8","2","431"
"6C0","8","2","432"
"6C4","8","2","433"
"6C8","8","2","434"
"6CC","8","2","435"
"6D0","8","2","436"
"6D4","8","2","437"
"6D8","8","2","438"
"6DC","8","2","439"
"6E0","8","2","440"
"6E4","8","2","441"
"6E8","8","2","442"
"6EC","8","2","443"
"6F0","8","2","444"
"6F4","8","2","445"
"6F8","8","2","446"
"6FC","8","2","447"
"700","8","2","448"
"704","8","2","449"
"708","8","2","450"
"70C","8","2","451"
"710","8","2","452"
"714","8","2","453"
"718","8","2","454"
"71C","8","2","455"
"720","8","2","456"
"724","8","2","457"
"728","8","2","458"
"72C","8","2","459"
"730","8","2","460"
"734","8","2","461"
"738","8","2","462"
"73C","8","2","463"
"740","8","2","464"
"744","8","2","465"
"748","8","2","466"
"74C","8","2","467"
"750","8","2","468"
"754","8","2","469"
"758","8","2","470"
"75C","8","2","471"
"760","8","2","472"
"764","8","2","473"
"768","8","2","474"
"76C","8","2","475"
"770","8","2","476"
"774","8","2","477"
"778","8","2","478"
"77C","8","2","479"
"780","8","2","480"
"784","8","2","481"
"788","8","2","482"
"78C","8","2","483"
"790","8","2","484"
"794","8","2","485"
"798","8","2","486"
"79C","8","2","487"
"7A0","8","2","488"
"7A4","8","2","489"
"7A8","8","2","490"
"7AC","8","2","491"
"7B0","8","2","492"
"7B4","8","2","493"
"7B8","8","2","494"
"7BC","8","2","495"
"7C0","8","2","496"
"7C4","8","2","497"
"7C8","8","2","498"
"7CC","8","2","499"
"7D0","8","2","500"
"7D4","8","2","501"
"7D8","8","2","502"
"7DC","8","2","503"
"7E0","8","2","504"
"7E4","8","2","505"
"7E8","8","2","506"
"7EC","8","2","507"
"7F0","8","2","508"
"7F4","8","2","509"
"7F8","8","2","510"
"7FC","8","2","511"
"800","8","2","512"
"804","8","2","513"
"808","8","2","514"
"80C","8","2","515"
"810","8","2","516"
"814","8","2","517"
"818","8","2","518"
"81C","8","2","519"
"820","8","2","520"
"824","8","2","521"
"828","8","2","522"
"82C","8","2","523"
"830","8","2","524"
"834","8","2","525"
"838","8","2","526"
"83C","8","2","527"
"840","8","2","528"
"844","8","2","529"
"848","8","2","530"
"84C","8","2","531"
"850","8","2","532"
"854","8","2","533"
"858","8","2","534"
"85C","8","2","535"
"860","8","2","536"
"864","8","2","537"
"868","8","2","538"
"86C","8","2","539"
"870","8","2","540"
"874","8","2","541"
"878","8","2","542"
"87C","8","2","543"
"880","8","2","544"
"884","8","2","545"
"888","8","2","546"
"88C","8","2","547"
"890","8","2","548"
"894","8","2","549"
"898","8","2","550"
"89C","8","2","551"
"8A0","8","2","552"
"8A4","8","2","553"
"8A8","8","2","554"
"8AC","8","2","555"
"8B0","8","2","556"
"8B4","8","2","557"
"8B8","8","2","558"
"8BC","8","2","559"
"8C0","8","2","560"
"8C4","8","2","561"
"8C8","8","2","562"
"8CC","8","2","563"
"8D0","8","2","564"
"8D4","8","2","565"
"8D8","8","2","566"
"8DC","8","2","567"
"8E0","8","2","568"
"8E4","8","2","569"
"8E8","8","2","570"
"8EC","8","2","571"
"8F0","8","2","572"
"8F4","8","2","573"
"8F8","8","2","574"
"8FC","8","2","575"
"900","8","2","576"
"904","8","2","577"
"908","8","2","578"
"90C","8","2","579"
"910","8","2","580"
"914","8","2","581"
"918","8","2","582"
"91C","8","2","583"
"920","8","2","584"
"924","8","2","585"
"928","8","2","586"
"92C","8","2","587"
"930","8","2","588"
"934","8","2","589"
"938","8","2","590"
"93C","8","2","591"
"940","8","2","592"
"944","8","2","593"
"948","8","2","594"
"94C","8","2","595"
"950","8","2","596"
"954","8","2","597"
"958","8","2","598"
"95C","8","2","599"
"960","8","2","600"
"964","8","2","601"
"968","8","2","602"
"96C","8","2","603"
"970","8","2","604"
"974","8","2","605"
"978","8","2","606"
"97C","8","2","607"
"980","8","2","608"
"984","8","2","609"
"988","8","2","610"
"98C","8","2","611"
"990","8","2","612"
"994","8","2","613"
"998","8","2","614"
"99C","8","2","615"
"9A0","8","2","616"
"9A4","8","2","617"
"9A8","8","2","618"
"9AC","8","2","619"
"9B0","8","2","620"
"9B4","8","2","621"
"9B8","8","2","622"
"9BC","8","2","623"
"9C0","8","2","624"
"9C4","8","2","625"
"9C8","8","2","626"
"9CC","8","2","627"
"9D0","8","2","628"
"9D4","8","2","629"
"9D8","8","2","630"
"9DC","8","2","631"
"9E0","8","2","632"
"9E4","8","2","633"
"9E8","8","2","634"
"9EC","8","2","635"
"9F0","8","2","636"
"9F4","8","2","637"
"9F8","8","2","638"
"9FC","8","2","639"
"A00","8","2","640"
"A04","8","2","641"
"A08","8","2","642"
"A0C","8","2","643"
"A10","8","2","644"
"A14","8","2","645"
"A18","8","2","646"
"A1C","8","2","647"
"A20","8","2","648"
"A24","8","2","649"
"A28","8","2","650"
"A2C","8","2","651"
"A30","8","2","652"
"A34","8","2","653"
"A38","8","2","654"
"A3C","8","2","655"
"A40","8","2","656"
"A44","8","2","657"
"A48","8","2","658"
"A4C","8","2","659"
"A50","8","2","660"
"A54","8","2","661"
"A58","8","2","662"
"A5C","8","2","663"
"A60","8","2","664"
"A64","8","2","665"
"A68","8","2","666"
"A6C","8","2","667"
"A70","8","2","668"
"A74","8","2","669"
"A78","8","2","670"
"A7C","8","2","671"
"A80","8","2","672"
"A84","8","2","673"
"A88","8","2","674"
"A8C","8","2","675"
"A90","8","2","676"
"A94","8","2","677"
"A98","8","2","678"
"A9C","8","2","679"
"AA0","8","2","680"
"AA4","8","2","681"
"AA8","8","2","682"
"AAC","8","2","683"
"AB0","8","2","684"
"AB4","8","2","685"
"AB8","8","2","686"
"ABC","8","2","687"
"AC0","8","2","688"
"AC4","8","2","689"
"AC8","8","2","690"
"ACC","8","2","691"
"AD0","8","2","692"
"AD4","8","2","693"
"AD8","8","2","694"
"ADC","8","2","695"
"AE0","8","2","696"
"AE4","8","2","697"
"AE8","8","2","698"
"AEC","8","2","699"
"AF0","8","2","700"
"AF4","8","2","701"
"AF8","8","2","702"
"AFC","8","2","703"
"B00","8","2","704"
"B04","8","2","705"
"B08","8","2","706"
"B0C","8","2","707"
"B10","8","2","708"
"B14","8","2","709"
"B18","8","2","710"
"B1C","8","2","711"
"B20","8","2","712"
"B24","8","2","713"
"B28","8","2","714"
"B2C","8","2","715"
"B30","8","2","716"
"B34","8","2","717"
"B38","8","2","718"
"B3C","8","2","719"
"B40","8","2","720"
"B44","8","2","721"
"B48","8","2","722"
"B4C","8","2","723"
"B50","8","2","724"
"B54","8","2","725"
"B58","8","2","726"
"B5C","8","2","727"
"B60","8","2","728"
"B64","8","2","729"
"B68","8","2","730"
"B6C","8","2","731"
"B70","8","2","732"
"B74","8","2","733"
"B78","8","2","734"
"B7C","8","2","735"
"B80","8","2","736"
"B84","8","2","737"
"B88","8","2","738"
"B8C","8","2","739"
"B90","8","2","740"
"B94","8","2","741"
"B98","8","2","742"
"B9C","8","2","743"
"BA0","8","2","744"
"BA4","8","2","745"
"BA8","8","2","746"
"BAC","8","2","747"
"BB0","8","2","748"
"BB4","8","2","749"
"BB8","8","2","750"
"BBC","8","2","751"
"BC0","8","2","752"
"BC4","8","2","753"
"BC8","8","2","754"
"BCC","8","2","755"
"BD0","8","2","756"
"BD4","8","2","757"
"BD8","8","2","758"
"BDC","8","2","759"
"BE0","8","2","760"
"BE4","8","2","761"
"BE8","8","2","762"
"BEC","8","2","763"
"BF0","8","2","764"
"BF4","8","2","765"
"BF8","8","2","766"
"BFC","8","2","767"
"C00","8","2","768"
"C04","8","2","769"
"C08","8","2","770"
"C0C","8","2","771"
"C10","8","2","772"
"C14","8","2","773"
"C18","8","2","774"
"C1C","8","2","775"
"C20","8","2","776"
"C24","8","2","777"
"C28","8","2","778"
"C2C","8","2","779"
"C30","8","2","780"
"C34","8","2","781"
"C38","8","2","782"
"C3C","8","2","783"
"C40","8","2","784"
"C44","8","2","785"
"C48","8","2","786"
"C4C","8","2","787"
"C50","8","2","788"
"C54","8","2","789"
"C58","8","2","790"
"C5C","8","2","791"
"C60","8","2","792"
"C64","8","2","793"
"C68","8","2","794"
"C6C","8","2","795"
"C70","8","2","796"
"C74","8","2","797"
"C78","8","2","798"
"C7C","8","2","799"
"C80","8","2","800"
"C84","8","2","801"
"C88","8","2","802"
"C8C","8","2","803"
"C90","8","2","804"
"C94","8","2","805"
"C98","8","2","806"
"C9C","8","2","807"
"CA0","8","2","808"
"CA4","8","2","809"
"CA8","8","2","810"
"CAC","8","2","811"
"CB0","8","2","812"
"CB4","8","2","813"
"CB8","8","2","814"
"CBC","8","2","815"
"CC0","8","2","816"
"CC4","8","2","817"
"CC8","8","2","818"
"CCC","8","2","819"
"CD0","8","2","820"
"CD4","8","2","821"
"CD8","8","2","822"
"CDC","8","2","823"
"CE0","8","2","824"
"CE4","8","2","825"
"CE8","8","2","826"
"CEC","8","2","827"
"CF0","8","2","828"
"CF4","8","2","829"
"CF8","8","2","830"
"CFC","8","2","831"
"D00","8","2","832"
"D04","8","2","833"
"D08","8","2","834"
"D0C","8","2","835"
"D10","8","2","836"
"D14","8","2","837"
"D18","8","2","838"
"D1C","8","2","839"
"D20","8","2","840"
"D24","8","2","841"
"D28","8","2","842"
"D2C","8","2","843"
"D30","8","2","844"
"D34","8","2","845"
"D38","8","2","846"
"D3C","8","2","847"
"D40","8","2","848"
"D44","8","2","849"
"D48","8","2","850"
"D4C","8","2","851"
"D50","8","2","852"
"D54","8","2","853"
"D58","8","2","854"
"D5C","8","2","855"
"D60","8","2","856"
"D64","8","2","857"
"D68","8","2","858"
"D6C","8","2","859"
"D70","8","2","860"
"D74","8","2","861"
"D78","8","2","862"
"D7C","8","2","863"
"D80","8","2","864"
"D84","8","2","865"
"D88","8","2","866"
"D8C","8","2","867"
"D90","8","2","868"
"D94","8","2","869"
"D98","8","2","870"
"D9C","8","2","871"
"DA0","8","2","872"
"DA4","8","2","873"
"DA8","8","2","874"
"DAC","8","2","875"
"DB0","8","2","876"
"DB4","8","2","877"
"DB8","8","2","878"
"DBC","8","2","879"
"DC0","8","2","880"
"DC4","8","2","881"
"DC8","8","2","882"
"DCC","8","2","883"
"DD0","8","2","884"
"DD4","8","2","885"
"DD8","8","2","886"
"DDC","8","2","887"
"DE0","8","2","888"
"DE4","8","2","889"
"DE8","8","2","890"
"DEC","8","2","891"
"DF0","8","2","892"
"DF4","8","2","893"
"DF8","8","2","894"
"DFC","8","2","895"
"E00","8","2","896"
"E04","8","2","897"
"E08","8","2","898"
"E0C","8","2","899"
"E10","8","2","900"
"E14","8","2","901"
"E18","8","2","902"
"E1C","8","2","903"
"E20","8","2","904"
"E24","8","2","905"
"E28","8","2","906"
"E2C","8","2","907"
"E30","8","2","908"
"E34","8","2","909"
"E38","8","2","910"
"E3C","8","2","911"
"E40","8","2","912"
"E44","8","2","913"
"E48","8","2","914"
"E4C","8","2","915"
"E50","8","2","916"
"E54","8","2","917"
"E58","8","2","918"
"E5C","8","2","919"
"E60","8","2","920"
"E64","8","2","921"
"E68","8","2","922"
"E6C","8","2","923"
"E70","8","2","924"
"E74","8","2","925"
"E78","8","2","926"
"E7C","8","2","927"
"E80","8","2","928"
"E84","8","2","929"
"E88","8","2","930"
"E8C","8","2","931"
"E90","8","2","932"
"E94","8","2","933"
"E98","8","2","934"
"E9C","8","2","935"
"EA0","8","2","936"
"EA4","8","2","937"
"EA8","8","2","938"
"EAC","8","2","939"
"EB0","8","2","940"
"EB4","8","2","941"
"EB8","8","2","942"
"EBC","8","2","943"
"EC0","8","2","944"
"EC4","8","2","945"
"EC8","8","2","946"
"ECC","8","2","947"
"ED0","8","2","948"
"ED4","8","2","949"
"ED8","8","2","950"
"EDC","8","2","951"
"EE0","8","2","952"
"EE4","8","2","953"
"EE8","8","2","954"
"EEC","8","2","955"
"EF0","8","2","956"
"EF4","8","2","957"
"EF8","8","2","958"
"EFC","8","2","959"
"F00","8","2","960"
"F04","8","2","961"
"F08","8","2","962"
"F0C","8","2","963"
"F10","8","2","964"
"F14","8","2","965"
"F18","8","2","966"
"F1C","8","2","967"
"F20","8","2","968"
"F24","8","2","969"
"F28","8","2","970"
"F2C","8","2","971"
"F30","8","2","972"
"F34","8","2","973"
"F38","8","2","974"
"F3C","8","2","975"
"F40","8","2","976"
"F44","8","2","977"
"F48","8","2","978"
"F4C","8","2","979"
"F50","8","2","980"
"F54","8","2","981"
"F58","8","2","982"
"F5C","8","2","983"
"F60","8","2","984"
"F64","8","2","985"
"F68","8","2","986"
"F6C","8","2","987"
"F70","8","2","988"
"F74","8","2","989"
"F78","8","2","990"
"F7C","8","2","991"
"F80","8","2","992"
"F84","8","2","993"
"F88","8","2","994"
"F8C","8","2","995"
"F90","8","2","996"
"F94","8","2","997"
"F98","8","2","998"
"F9C","8","2","999"
"000","0","0","999"
"001","0","0","998"
"002","0","0","997"
"003","0","0","996"
"004","0","0","995"
"005","0","0","994"
"006","0","0","993"
"007","0","0","992"
"008","0","0","991"
"009","0","0","990"
"00A","0","0","989"
"00B","0","0","988"
"00C","0","0","987"
"00D","0","0","986"
"00E","0","0","985"
"00F","0","0","984"
"010","0","0","983"
"011","0","0","982"
"012","0","0","981"
"013","0","0","980"
"014","0","0","979"
"015","0","0","978"
"016","0","0","977"
"017","0","0","976"
"018","0","0","975"
"019","0","0","974"
"01A","0","0","973"
"01B","0","0","972"
"01C","0","0","971"
"01D","0","0","970"
"01E","0","0","969"
"01F","0","0","968"
"020","0","0","967"
"021","0","0","966"
"022","0","0","965"
"023","0","0","964"
"024","0","0","963"
"025","0","0","962"
"026","0","0","961"
"027","0","0","960"
"028","0","0","959"
"029","0","0","958"
"02A","0","0","957"
"02B","0","0","956"
"02C","0","0","955"
"02D","0","0","954"
"02E","0","0","953"
"02F","0","0","952"
"030","0","0","951"
"031","0","0","950"
"032","0","0","949"
"033","0","0","948"
"034","0","0","947"
"035","0","0","946"
"036","0","0","945"
"037","0","0","944"
"038","0","0","943"
"039","0","0","942"
"03A","0","0","941"
"03B","0","0","940"
"03C","0","0","939"
"03D","0","0","938"
"03E","0","0","937"
"03F","0","0","936"
"040","0","0","935"
"041","0","0","934"
"042","0","0","933"
"043","0","0","932"
"044","0","0","931"
"045","0","0","930"
"046","0","0","929"
"047","0","0","928"
"048","0","0","927"
"049","0","0","926"
"04A","0","0","925"
"04B","0","0","924"
"04C","0","0","923"
"04D","0","0","922"
"04E","0","0","921"
"04F","0","0","920"
"050","0","0","919"
"051","0","0","918"
"052","0","0","917"
"053","0","0","916"
"054","0","0","915"
"055","0","0","914"
"056","0","0","913"
"057","0","0","912"
"058","0","0","911"
"059","0","0","910"
"05A","0","0","909"
"05B","0","0","908"
"05C","0","0","907"
"05D","0","0","906"
"05E","0","0","905"
"05F","0","0","904"
"060","0","0","903"
"061","0","0","902"
"062","0","0","901"
"063","0","0","900"
"064","0","0","899"
"065","0","0","898"
"066","0","0","897"
"067","0","0","896"
"068","0","0","895"
"069","0","0","894"
"06A","0","0","893"
"06B","0","0","892"
"06C","0","0","891"
"06D","0","0","890"
"06E","0","0","889"
"06F","0","0","888"
"070","0","0","887"
"071","0","0","886"
"072","0","0","885"
"073","0","0","884"
"074","0","0","883"
"075","0","0","882"
"076","0","0","881"
"077","0","0","880"
"078","0","0","879"
"079","0","0","878"
"07A","0","0","877"
"07B","0","0","876"
"07C","0","0","875"
"07D","0","0","874"
"07E","0","0","873"
"07F","0","0","872"
"080","0","0","871"
"081","0","0","870"
"082","0","0","869"
"083","0","0","868"
"084","0","0","867"
"085","0","0","866"
"086","0","0","865"
"087","0","0","864"
"088","0","0","863"
"089","0","0","862"
"08A","0","0","861"
"08B","0","0","860"
"08C","0","0","859"
"08D","0","0","858"
"08E","0","0","857"
"08F","0","0","856"
"090","0","0","855"
"091","0","0","854"
"092","0","0","853"
"093","0","0","852"
"094","0","0","851"
"095","0","0","850"
"096","0","0","849"
"097","0","0","848"
"098","0","0","847"
"099","0","0","846"
"09A","0","0","845"
"09B","0","0","844"
"09C","0","0","843"
"09D","0","0","842"
"09E","0","0","841"
"09F","0","0","840"
"0A0","0","0","839"
"0A1","0","0","838"
"0A2","0","0","837"
"0A3","0","0","836"
"0A4","0","0","835"
"0A5","0","0","834"
"0A6","0","0","833"
"0A7","0","0","832"
"0A8","0","0","831"
"0A9","0","0","830"
"0AA","0","0","829"
"0AB","0","0","828"
"0AC","0","0","827"
"0AD","0","0","826"
"0AE","0","0","825"
"0AF","0","0","824"
"0B0","0","0","823"
"0B1","0","0","822"
"0B2","0","0","821"
"0B3","0","0","820"
"0B4","0","0","819"
"0B5","0","0","818"
"0B6","0","0","817"
"0B7","0","0","816"
"0B8","0","0","815"
"0B9","0","0","814"
"0BA","0","0","813"
"0BB","0","0","812"
"0BC","0","0","811"
"0BD","0","0","810"
"0BE","0","0","809"
"0BF","0","0","808"
"0C0","0","0","807"
"0C1","0","0","806"
"0C2","0","0","805"
"0C3","0","0","804"
"0C4","0","0","803"
"0C5","0","0","802"
"0C6","0","0","801"
"0C7","0","0","800"
"0C8","0","0","799"
"0C9","0","0","798"
"0CA","0","0","797"
"0CB","0","0","796"
"0CC","0","0","795"
"0CD","0","0","794"
"0CE","0","0","793"
"0CF","0","0","792"
"0D0","0","0","791"
"0D1","0","0","790"
"0D2","0","0","789"
"0D3","0","0","788"
"0D4","0","0","787"
"0D5","0","0","786"
"0D6","0","0","785"
"0D7","0","0","784"
"0D8","0","0","783"
"0D9","0","0","782"
"0DA","0","0","781"
"0DB","0","0","780"
"0DC","0","0","779"
"0DD","0","0","778"
"0DE","0","0","777"
"0DF","0","0","776"
"0E0","0","0","775"
"0E1","0","0","774"
"0E2","0","0","773"
"0E3","0","0","772"
"0E4","0","0","771"
"0E5","0","0","770"
"0E6","0","0","769"
"0E7","0","0","768"
"0E8","0","0","767"
"0E9","0","0","766"
"0EA","0","0","765"
"0EB","0","0","764"
"0EC","0","0","763"
"0ED","0","0","762"
"0EE","0","0","761"
"0EF","0","0","760"
"0F0","0","0","759"
"0F1","0","0","758"
"0F2","0","0","757"
"0F3","0","0","756"
"0F4","0","0","755"
"0F5","0","0","754"
"0F6","0","0","753"
"0F7","0","0","752"
"0F8","0","0","751"
"0F9","0","0","750"
"0FA","0","0","749"
"0FB","0","0","748"
"0FC","0","0","747"
"0FD","0","0","746"
"0FE","0","0","745"
"0FF","0","0","744"
"100","0","0","743"
"101","0","0","742"
"102","0","0","741"
"103","0","0","740"
"104","0","0","739"
"105","0","0","738"
"106","0","0","737"
"107","0","0","736"
"108","0","0","735"
"109","0","0","734"
"10A","0","0","733"
"10B","0","0","732"
"10C","0","0","731"
"10D","0","0","730"
"10E","0","0","729"
"10F","0","0","728"
"110","0","0","727"
"111","0","0","726"
"112","0","0","725"
"113","0","0","724"
"114","0","0","723"
"115","0","0","722"
"116","0","0","721"
"117","0","0","720"
"118","0","0","719"
"119","0","0","718"
"11A","0","0","717"
"11B","0","0","716"
"11C","0","0","715"
"11D","0","0","714"
"11E","0","0","713"
"11F","0","0","712"
"120","0","0","711"
"121","0","0","710"
"122","0","0","709"
"123","0","0","708"
"124","0","0","707"
"125","0","0","706"
"126","0","0","705"
"127","0","0","704"
"128","0","0","703"
"129","0","0","702"
"12A","0","0","701"
"12B","0","0","700"
"12C","0","0","699"
"12D","0","0","698"
"12E","0","0","697"
"12F","0","0","696"
"130","0","0","695"
"131","0","0","694"
"132","0","0","693"
"133","0","0","692"
"134","0","0","691"
"135","0","0","690"
"136","0","0","689"
"137","0","0","688"
"138","0","0","687"
"139","0","0","686"
"13A","0","0","685"
"13B","0","0","684"
"13C","0","0","683"
"13D","0","0","682"
"13E","0","0","681"
"13F","0","0","680"
"140","0","0","679"
"141","0","0","678"
"142","0","0","677"
"143","0","0","676"
"144","0","0","675"
"145","0","0","674"
"146","0","0","673"
"147","0","0","672"
"148","0","0","671"
"149","0","0","670"
"14A","0","0","669"
"14B","0","0","668"
"14C","0","0","667"
"14D","0","0","666"
"14E","0","0","665"
"14F","0","0","664"
"150","0","0","663"
"151","0","0","662"
"152","0","0","661"
"153","0","0","660"
"154","0","0","659"
"155","0","0","658"
"156","0","0","657"
"157","0","0","656"
"158","0","0","655"
"159","0","0","654"
"15A","0","0","653"
"15B","0","0","652"
"15C","0","0","651"
"15D","0","0","650"
"15E","0","0","649"
"15F","0","0","648"
"160","0","0","647"
"161","0","0","646"
"162","0","0","645"
"163","0","0","644"
"164","0","0","643"
"165","0","0","642"
"166","0","0","641"
"167","0","0","640"
"168","0","0","639"
"169","0","0","638"
"16A","0","0","637"
"16B","0","0","636"
"16C","0","0","635"
"16D","0","0","634"
"16E","0","0","633"
"16F","0","0","632"
"170","0","0","631"
"171","0","0","630"
"172","0","0","629"
"173","0","0","628"
"174","0","0","627"
"175","0","0","626"
"176","0","0","625"
"177","0","0","624"
"178","0","0","623"
"179","0","0","622"
"17A","0","0","621"
"17B","0","0","620"
"17C","0","0","619"
"17D","0","0","618"
"17E","0","0","617"
"17F","0","0","616"
"180","0","0","615"
"181","0","0","614"
"182","0","0","613"
"183","0","0","612"
"184","0","0","611"
"185","0","0","610"
"186","0","0","609"
"187","0","0","608"
"188","0","0","607"
"189","0","0","606"
"18A","0","0","605"
"18B","0","0","604"
"18C","0","0","603"
"18D","0","0","602"
"18E","0","0","601"
"18F","0","0","600"
"190","0","0","599"
"191","0","0","598"
"192","0","0","597"
"193","0","0","596"
"194","0","0","595"
"195","0","0","594"
"196","0","0","593"
"197","0","0","592"
"198","0","0","591"
"199","0","0","590"
"19A","0","0","589"
"19B","0","0","588"
"19C","0","0","587"
"19D","0","0","586"
"19E","0","0","585"
"19F","0","0","584"
"1A0","0","0","583"
"1A1","0","0","582"
"1A2","0","0","581"
"1A3","0","0","580"
"1A4","0","0","579"
"1A5","0","0","578"
"1A6","0","0","577"
"1A7","0","0","576"
"1A8","0","0","575"
"1A9","0","0","574"
"1AA","0","0","573"
"1AB","0","0","572"
"1AC","0","0","571"
"1AD","0","0","570"
"1AE","0","0","569"
"1AF","0","0","568"
"1B0","0","0","567"
"1B1","0","0","566"
"1B2","0","0","565"
"1B3","0","0","564"
"1B4","0","0","563"
"1B5","0","0","562"
"1B6","0","0","561"
"1B7","0","0","560"
"1B8","0","0","559"
"1B9","0","0","558"
"1BA","0","0","557"
"1BB","0","0","556"
"1BC","0","0","555"
"1BD","0","0","554"
"1BE","0","0","553"
"1BF","0","0","552"
"1C0","0","0","551"
"1C1","0","0","550"
"1C2","0","0","549"
"1C3","0","0","548"
"1C4","0","0","547"
"1C5","0","0","546"
"1C6","0","0","545"
"1C7","0","0","544"
"1C8","0","0","543"
"1C9","0","0","542"
"1CA","0","0","541"
"1CB","0","0","540"
"1CC","0","0","539"
"1CD","0","0","538"
"1CE","0","0","537"
"1CF","0","0","536"
"1D0","0","0","535"
"1D1","0","0","534"
"1D2","0","0","533"
"1D3","0","0","532"
"1D4","0","0","531"
"1D5","0","0","530"
"1D6","0","0","529"
"1D7","0","0","528"
"1D8","0","0","527"
"1D9","0","0","526"
"1DA","0","0","525"
"1DB","0","0","524"
"1DC","0","0","523"
"1DD","0","0","522"
"1DE","0","0","521"
"1DF","0","0","520"
"1E0","0","0","519"
"1E1","0","0","518"
"1E2","0","0","517"
"1E3","0","0","516"
"1E4","0","0","515"
"1E5","0","0","514"
"1E6","0","0","513"
"1E7","0","0","512"
"1E8","0","0","511"
"1E9","0","0","510"
"1EA","0","0","509"
"1EB","0","0","508"
"1EC","0","0","507"
"1ED","0","0","506"
"1EE","0","0","505"
"1EF","0","0","504"
"1F0","0","0","503"
"1F1","0","0","502"
"1F2","0","0","501"
"1F3","0","0","500"
"1F4","0","0","499"
"1F5","0","0","498"
"1F6","0","0","497"
"1F7","0","0","496"
"1F8","0","0","495"
"1F9","0","0","494"
"1FA","0","0","493"
"1FB","0","0","492"
"1FC","0","0","491"
"1FD","0","0","490"
"1FE","0","0","489"
"1FF","0","0","488"
"200","0","0","487"
"201","0","0","486"
"202","0","0","485"
"203","0","0","484"
"204","0","0","483"
"205","0","0","482"
"206","0","0","481"
"207","0","0","480"
"208","0","0","479"
"209","0","0","478"
"20A","0","0","477"
"20B","0","0","476"
"20C","0","0","475"
"20D","0","0","474"
"20E","0","0","473"
"20F","0","0","472"
"210","0","0","471"
"211","0","0","470"
"212","0","0","469"
"213","0","0","468"
"214","0","0","467"
"215","0","0","466"
"216","0","0","465"
"217","0","0","464"
"218","0","0","463"
"219","0","0","462"
"21A","0","0","461"
"21B","0","0","460"
"21C","0","0","459"
"21D","0","0","458"
"21E","0","0","457"
"21F","0","0","456"
"220","0","0","455"
"221","0","0","454"
"222","0","0","453"
"223","0","0","452"
"224","0","0","451"
"225","0","0","450"
"226","0","0","449"
"227","0","0","448"
"228","0","0","447"
"229","0","0","446"
"22A","0","0","445"
"22B","0","0","444"
"22C","0","0","443"
"22D","0","0","442"
"22E","0","0","441"
"22F","0","0","440"
"230","0","0","439"
"231","0","0","438"
"232","0","0","437"
"233","0","0","436"
"234","0","0","435"
"235","0","0","434"
"236","0","0","433"
"237","0","0","432"
"238","0","0","431"
"239","0","0","430"
"23A","0","0","429"
"23B","0","0","428"
"23C","0","0","427"
"23D","0","0","426"
"23E","0","0","425"
"23F","0","0","424"
"240","0","0","423"
"241","0","0","422"
"242","0","0","421"
"243","0","0","420"
"244","0","0","419"
"245","0","0","418"
"246","0","0","417"
"247","0","0","416"
"248","0","0","415"
"249","0","0","414"
"24A","0","0","413"
"24B","0","0","412"
"24C","0","0","411"
"24D","0","0","410"
"24E","0","0","409"
"24F","0","0","408"
"250","0","0","407"
"251","0","0","406"
"252","0","0","405"
"253","0","0","404"
"254","0","0","403"
"255","0","0","402"
"256","0","0","401"
"257","0","0","400"
"258","0","0","399"
"259","0","0","398"
"25A","0","0","397"
"25B","0","0","396"
"25C","0","0","395"
"25D","0","0","394"
"25E","0","0","393"
"25F","0","0","392"
"260","0","0","391"
"261","0","0","390"
"262","0","0","389"
"263","0","0","388"
"264","0","0","387"
"265","0","0","386"
"266","0","0","385"
"267","0","0","384"
"268","0","0","383"
"269","0","0","382"
"26A","0","0","381"
"26B","0","0","380"
"26C","0","0","379"
"26D","0","0","378"
"26E","0","0","377"
"26F","0","0","376"
"270","0","0","375"
"271","0","0","374"
"272","0","0","373"
"273","0","0","372"
"274","0","0","371"
"275","0","0","370"
"276","0","0","369"
"277","0","0","368"
"278","0","0","367"
"279","0","0","366"
"27A","0","0","365"
"27B","0","0","364"
"27C","0","0","363"
"27D","0","0","362"
"27E","0","0","361"
"27F","0","0","360"
"280","0","0","359"
"281","0","0","358"
"282","0","0","357"
"283","0","0","356"
"284","0","0","355"
"285","0","0","354"
"286","0","0","353"
"287","0","0","352"
"288","0","0","351"
"289","0","0","350"
"28A","0","0","349"
"28B","0","0","348"
"28C","0","0","347"
"28D","0","0","346"
"28E","0","0","345"
"28F","0","0","344"
"290","0","0","343"
"291","0","0","342"
"292","0","0","341"
"293","0","0","340"
"294","0","0","339"
"295","0","0","338"
"296","0","0","337"
"297","0","0","336"
"298","0","0","335"
"299","0","0","334"
"29A","0","0","333"
"29B","0","0","332"
"29C","0","0","331"
"29D","0","0","330"
"29E","0","0","329"
"29F","0","0","328"
"2A0","0","0","327"
"2A1","0","0","326"
"2A2","0","0","325"
"2A3","0","0","324"
"2A4","0","0","323"
"2A5","0","0","322"
"2A6","0","0","321"
"2A7","0","0","320"
"2A8","0","0","319"
"2A9","0","0","318"
"2AA","0","0","317"
"2AB","0","0","316"
"2AC","0","0","315"
"2AD","0","0","314"
"2AE","0","0","313"
"2AF","0","0","312"
"2B0","0","0","311"
"2B1","0","0","310"
"2B2","0","0","309"
"2B3","0","0","308"
"2B4","0","0","307"
"2B5","0","0","306"
"2B6","0","0","305"
"2B7","0","0","304"
"2B8","0","0","303"
"2B9","0","0","302"
"2BA","0","0","301"
"2BB","0","0","300"
"2BC","0","0","299"
"2BD","0","0","298"
"2BE","0","0","297"
"2BF","0","0","296"
"2C0","0","0","295"
"2C1","0","0","294"
"2C2","0","0","293"
"2C3","0","0","292"
"2C4","0","0","291"
"2C5","0","0","290"
"2C6","0","0","289"
"2C7","0","0","288"
"2C8","0","0","287"
"2C9","0","0","286"
"2CA","0","0","285"
"2CB","0","0","284"
"2CC","0","0","283"
"2CD","0","0","282"
"2CE","0","0","281"
"2CF","0","0","280"
"2D0","0","0","279"
"2D1","0","0","278"
"2D2","0","0","277"
"2D3","0","0","276"
"2D4","0","0","275"
"2D5","0","0","274"
"2D6","0","0","273"
"2D7","0","0","272"
"2D8","0","0","271"
"2D9","0","0","270"
"2DA","0","0","269"
"2DB","0","0","268"
"2DC","0","0","267"
"2DD","0","0","266"
"2DE","0","0","265"
"2DF","0","0","264"
"2E0","0","0","263"
"2E1","0","0","262"
"2E2","0","0","261"
"2E3","0","0","260"
"2E4","0","0","259"
"2E5","0","0","258"
"2E6","0","0","257"
"2E7","0","0","256"
"2E8","0","0","255"
"2E9","0","0","254"
"2EA","0","0","253"
"2EB","0","0","252"
"2EC","0","0","251"
"2ED","0","0","250"
"2EE","0","0","249"
"2EF","0","0","248"
"2F0","0","0","247"
"2F1","0","0","246"
"2F2","0","0","245"
"2F3","0","0","244"
"2F4","0","0","243"
"2F5","0","0","242"
"2F6","0","0","241"
"2F7","0","0","240"
"2F8","0","0","239"
"2F9","0","0","238"
"2FA","0","0","237"
"2FB","0","0","236"
"2FC","0","0","235"
"2FD","0","0","234"
"2FE","0","0","233"
"2FF","0","0","232"
"300","0","0","231"
"301","0","0","230"
"302","0","0","229"
"303","0","0","228"
"304","0","0","227"
"305","0","0","226"
"306","0","0","225"
"307","0","0","224"
"308","0","0","223"
"309","0","0","222"
"30A","0","0","221"
"30B","0","0","220"
"30C","0","0","219"
"30D","0","0","218"
"30E","0","0","217"
"30F","0","0","216"
"310","0","0","215"
"311","0","0","214"
"312","0","0","213"
"313","0","0","212"
"314","0","0","211"
"315","0","0","210"
"316","0","0","209"
"317","0","0","208"
"318","0","0","207"
"319","0","0","206"
"31A","0","0","205"
"31B","0","0","204"
"31C","0","0","203"
"31D","0","0","202"
"31E","0","0","201"
"31F","0","0","200"
"320","0","0","199"
"321","0","0","198"
"322","0","0","197"
"323","0","0","196"
"324","0","0","195"
"325","0","0","194"
"326","0","0","193"
"327","0","0","192"
"328","0","0","191"
"329","0","0","190"
"32A","0","0","189"
"32B","0","0","188"
"32C","0","0","187"
"32D","0","0","186"
"32E","0","0","185"
"32F","0","0","184"
"330","0","0","183"
"331","0","0","182"
"332","0","0","181"
"333","0","0","180"
"334","0","0","179"
"335","0","0","178"
"336","0","0","177"
"337","0","0","176"
"338","0","0","175"
"339","0","0","174"
"33A","0","0","173"
"33B","0","0","172"
"33C","0","0","171"
"33D","0","0","170"
"33E","0","0","169"
"33F","0","0","168"
"340","0","0","167"
"341","0","0","166"
"342","0","0","165"
"343","0","0","164"
"344","0","0","163"
"345","0","0","162"
"346","0","0","161"
"347","0","0","160"
"348","0","0","159"
"349","0","0","158"
"34A","0","0","157"
"34B","0","0","156"
"34C","0","0","155"
"34D","0","0","154"
"34E","0","0","153"
"34F","0","0","152"
"350","0","0","151"
"351","0","0","150"
"352","0","0","149"
"353","0","0","148"
"354","0","0","147"
"355","0","0","146"
"356","0","0","145"
"357","0","0","144"
"358","0","0","143"
"359","0","0","142"
"35A","0","0","141"
"35B","0","0","140"
"35C","0","0","139"
"35D","0","0","138"
"35E","0","0","137"
"35F","0","0","136"
"360","0","0","135"
"361","0","0","134"
"362","0","0","133"
"363","0","0","132"
"364","0","0","131"
"365","0","0","130"
"366","0","0","129"
"367","0","0","128"
"368","0","0","127"
"369","0","0","126"
"36A","0","0","125"
"36B","0","0","124"
"36C","0","0","123"
"36D","0","0","122"
"36E","0","0","121"
"36F","0","0","120"
"370","0","0","119"
"371","0","0","118"
"372","0","0","117"
"373","0","0","116"
"374","0","0","115"
"375","0","0","114"
"376","0","0","113"
"377","0","0","112"
"378","0","0","111"
"379","0","0","110"
"37A","0","0","109"
"37B","0","0","108"
"37C","0","0","107"
"37D","0","0","106"
"37E","0","0","105"
"37F","0","0","104"
"380","0","0","103"
"381","0","0","102"
"382","0","0","101"
"383","0","0","100"
"384","0","0","099"
"385","0","0","098"
"386","0","0","097"
"387","0","0","096"
"388","0","0","095"
"389","0","0","094"
"38A","0","0","093"
"38B","0","0","092"
"38C","0","0","091"
"38D","0","0","090"
"38E","0","0","089"
"38F","0","0","088"
"390","0","0","087"
"391","0","0","086"
"392","0","0","085"
"393","0","0","084"
"394","0","0","083"
"395","0","0","082"
"396","0","0","081"
"397","0","0","080"
"398","0","0","079"
"399","0","0","078"
"39A","0","0","077"
"39B","0","0","076"
"39C","0","0","075"
"39D","0","0","074"
"39E","0","0","073"
"39F","0","0","072"
"3A0","0","0","071"
"3A1","0","0","070"
"3A2","0","0","069"
"3A3","0","0","068"
"3A4","0","0","067"
"3A5","0","0","066"
"3A6","0","0","065"
"3A7","0","0","064"
"3A8","0","0","063"
"3A9","0","0","062"
"3AA","0","0","061"
"3AB","0","0","060"
"3AC","0","0","059"
"3AD","0","0","058"
"3AE","0","0","057"
"3AF","0","0","056"
"3B0","0","0","055"
"3B1","0","0","054"
"3B2","0","0","053"
"3B3","0","0","052"
"3B4","0","0","051"
"3B5","0","0","050"
"3B6","0","0","049"
"3B7","0","0","048"
"3B8","0","0","047"
"3B9","0","0","046"
"3BA","0","0","045"
"3BB","0","0","044"
"3BC","0","0","043"
"3BD","0","0","042"
"3BE","0","0","041"
"3BF","0","0","040"
"3C0","0","0","039"
"3C1","0","0","038"
"3C2","0","0","037"
"3C3","0","0","036"
"3C4","0","0","035"
"3C5","0","0","034"
"3C6","0","0","033"
"3C7","0","0","032"
"3C8","0","0","031"
"3C9","0","0","030"
"3CA","0","0","029"
"3CB","0","0","028"
"3CC","0","0","027"
"3CD","0","0","026"
"3CE","0","0","025"
"3CF","0","0","024"
"3D0","0","0","023"
"3D1","0","0","022"
"3D2","0","0","021"
"3D3","0","0","020"
"3D4","0","0","019"
"3D5","0","0","018"
"3D6","0","0","017"
"3D7","0","0","016"
"3D8","0","0","015"
"3D9","0","0","014"
"3DA","0","0","013"
"3DB","0","0","012"
"3DC","0","0","011"
"3DD","0","0","010"
"3DE","0","0","009"
"3DF","0","0","008"
"3E0","0","0","007"
"3E1","0","0","006"
"3E2","0","0","005"
"3E3","0","0","004"
"3E4","0","0","003"
"3E5","0","0","002"
"3E6","0","0","001"
"3E7","0","0","000"
"000","0","2","999"
"004","0","2","998"
"008","0","2","997"
"00C","0","2","996"
"010","0","2","995"
"014","0","2","994"
"018","0","2","993"
"01C","0","2","992"
"020","0","2","991"
"024","0","2","990"
"028","0","2","989"
"02C","0","2","988"
"030","0","2","987"
"034","0","2","986"
"038","0","2","985"
"03C","0","2","984"
"040","0","2","983"
"044","0","2","982"
"048","0","2","981"
"04C","0","2","980"
"050","0","2","979"
"054","0","2","978"
"058","0","2","977"
"05C","0","2","976"
"060","0","2","975"
"064","0","2","974"
"068","0","2","973"
"06C","0","2","972"
"070","0","2","971"
"074","0","2","970"
"078","0","2","969"
"07C","0","2","968"
"080","0","2","967"
"084","0","2","966"
"088","0","2","965"
"08C","0","2","964"
"090","0","2","963"
"094","0","2","962"
"098","0","2","961"
"09C","0","2","960"
"0A0","0","2","959"
"0A4","0","2","958"
"0A8","0","2","957"
"0AC","0","2","956"
"0B0","0","2","955"
"0B4","0","2","954"
"0B8","0","2","953"
"0BC","0","2","952"
"0C0","0","2","951"
"0C4","0","2","950"
"0C8","0","2","949"
"0CC","0","2","948"
"0D0","0","2","947"
"0D4","0","2","946"
"0D8","0","2","945"
"0DC","0","2","944"
"0E0","0","2","943"
"0E4","0","2","942"
"0E8","0","2","941"
"0EC","0","2","940"
"0F0","0","2","939"
"0F4","0","2","938"
"0F8","0","2","937"
"0FC","0","2","936"
"100","0","2","935"
"104","0","2","934"
"108","0","2","933"
"10C","0","2","932"
"110","0","2","931"
"114","0","2","930"
"118","0","2","929"
"11C","0","2","928"
"120","0","2","927"
"124","0","2","926"
"128","0","2","925"
"12C","0","2","924"
"130","0","2","923"
"134","0","2","922"
"138","0","2","921"
"13C","0","2","920"
"140","0","2","919"
"144","0","2","918"
"148","0","2","917"
"14C","0","2","916"
"150","0","2","915"
"154","0","2","914"
"158","0","2","913"
"15C","0","2","912"
"160","0","2","911"
"164","0","2","910"
"168","0","2","909"
"16C","0","2","908"
"170","0","2","907"
"174","0","2","906"
"178","0","2","905"
"17C","0","2","904"
"180","0","2","903"
"184","0","2","902"
"188","0","2","901"
"18C","0","2","900"
"190","0","2","899"
"194","0","2","898"
"198","0","2","897"
"19C","0","2","896"
"1A0","0","2","895"
"1A4","0","2","894"
"1A8","0","2","893"
"1AC","0","2","892"
"1B0","0","2","891"
"1B4","0","2","890"
"1B8","0","2","889"
"1BC","0","2","888"
"1C0","0","2","887"
"1C4","0","2","886"
"1C8","0","2","885"
"1CC","0","2","884"
"1D0","0","2","883"
"1D4","0","2","882"
"1D8","0","2","881"
"1DC","0","2","880"
"1E0","0","2","879"
"1E4","0","2","878"
"1E8","0","2","877"
"1EC","0","2","876"
"1F0","0","2","875"
"1F4","0","2","874"
"1F8","0","2","873"
"1FC","0","2","872"
"200","0","2","871"
"204","0","2","870"
"208","0","2","869"
"20C","0","2","868"
"210","0","2","867"
"214","0","2","866"
"218","0","2","865"
"21C","0","2","864"
"220","0","2","863"
"224","0","2","862"
"228","0","2","861"
"22C","0","2","860"
"230","0","2","859"
"234","0","2","858"
"238","0","2","857"
"23C","0","2","856"
"240","0","2","855"
"244","0","2","854"
"248","0","2","853"
"24C","0","2","852"
"250","0","2","851"
"254","0","2","850"
"258","0","2","849"
"25C","0","2","848"
"260","0","2","847"
"264","0","2","846"
"268","0","2","845"
"26C","0","2","844"
"270","0","2","843"
"274","0","2","842"
"278","0","2","841"
"27C","0","2","840"
"280","0","2","839"
"284","0","2","838"
"288","0","2","837"
"28C","0","2","836"
"290","0","2","835"
"294","0","2","834"
"298","0","2","833"
"29C","0","2","832"
"2A0","0","2","831"
"2A4","0","2","830"
"2A8","0","2","829"
"2AC","0","2","828"
"2B0","0","2","827"
"2B4","0","2","826"
"2B8","0","2","825"
"2BC","0","2","824"
"2C0","0","2","823"
"2C4","0","2","822"
"2C8","0","2","821"
"2CC","0","2","820"
"2D0","0","2","819"
"2D4","0","2","818"
"2D8","0","2","817"
"2DC","0","2","816"
"2E0","0","2","815"
"2E4","0","2","814"
"2E8","0","2","813"
"2EC","0","2","812"
"2F0","0","2","811"
"2F4","0","2","810"
"2F8","0","2","809"
"2FC","0","2","808"
"300","0","2","807"
"304","0","2","806"
"308","0","2","805"
"30C","0","2","804"
"310","0","2","803"
"314","0","2","802"
"318","0","2","801"
"31C","0","2","800"
"320","0","2","799"
"324","0","2","798"
"328","0","2","797"
"32C","0","2","796"
"330","0","2","795"
"334","0","2","794"
"338","0","2","793"
"33C","0","2","792"
"340","0","2","791"
"344","0","2","790"
"348","0","2","789"
"34C","0","2","788"
"350","0","2","787"
"354","0","2","786"
"358","0","2","785"
"35C","0","2","784"
"360","0","2","783"
"364","0","2","782"
"368","0","2","781"
"36C","0","2","780"
"370","0","2","779"
"374","0","2","778"
"378","0","2","777"
"37C","0","2","776"
"380","0","2","775"
"384","0","2","774"
"388","0","2","773"
"38C","0","2","772"
"390","0","2","771"
"394","0","2","770"
"398","0","2","769"
"39C","0","2","768"
"3A0","0","2","767"
"3A4","0","2","766"
"3A8","0","2","765"
"3AC","0","2","764"
"3B0","0","2","763"
"3B4","0","2","762"
"3B8","0","2","761"
"3BC","0","2","760"
"3C0","0","2","759"
"3C4","0","2","758"
"3C8","0","2","757"
"3CC","0","2","756"
"3D0","0","2","755"
"3D4","0","2","754"
"3D8","0","2","753"
"3DC","0","2","752"
"3E0","0","2","751"
"3E4","0","2","750"
"3E8","0","2","749"
"3EC","0","2","748"
"3F0","0","2","747"
"3F4","0","2","746"
"3F8","0","2","745"
"3FC","0","2","744"
"400","0","2","743"
"404","0","2","742"
"408","0","2","741"
"40C","0","2","740"
"410","0","2","739"
"414","0","2","738"
"418","0","2","737"
"41C","0","2","736"
"420","0","2","735"
"424","0","2","734"
"428","0","2","733"
"42C","0","2","732"
"430","0","2","731"
"434","0","2","730"
"438","0","2","729"
"43C","0","2","728"
"440","0","2","727"
"444","0","2","726"
"448","0","2","725"
"44C","0","2","724"
"450","0","2","723"
"454","0","2","722"
"458","0","2","721"
"45C","0","2","720"
"460","0","2","719"
"464","0","2","718"
"468","0","2","717"
"46C","0","2","716"
"470","0","2","715"
"474","0","2","714"
"478","0","2","713"
"47C","0","2","712"
"480","0","2","711"
"484","0","2","710"
"488","0","2","709"
"48C","0","2","708"
"490","0","2","707"
"494","0","2","706"
"498","0","2","705"
"49C","0","2","704"
"4A0","0","2","703"
"4A4","0","2","702"
"4A8","0","2","701"
"4AC","0","2","700"
"4B0","0","2","699"
"4B4","0","2","698"
"4B8","0","2","697"
"4BC","0","2","696"
"4C0","0","2","695"
"4C4","0","2","694"
"4C8","0","2","693"
"4CC","0","2","692"
"4D0","0","2","691"
"4D4","0","2","690"
"4D8","0","2","689"
"4DC","0","2","688"
"4E0","0","2","687"
"4E4","0","2","686"
"4E8","0","2","685"
"4EC","0","2","684"
"4F0","0","2","683"
"4F4","0","2","682"
"4F8","0","2","681"
"4FC","0","2","680"
"500","0","2","679"
"504","0","2","678"
"508","0","2","677"
"50C","0","2","676"
"510","0","2","675"
"514","0","2","674"
"518","0","2","673"
"51C","0","2","672"
"520","0","2","671"
"524","0","2","670"
"528","0","2","669"
"52C","0","2","668"
"530","0","2","667"
"534","0","2","666"
"538","0","2","665"
"53C","0","2","664"
"540","0","2","663"
"544","0","2","662"
"548","0","2","661"
"54C","0","2","660"
"550","0","2","659"
"554","0","2","658"
"558","0","2","657"
"55C","0","2","656"
"560","0","2","655"
"564","0","2","654"
"568","0","2","653"
"56C","0","2","652"
"570","0","2","651"
"574","0","2","650"
"578","0","2","649"
"57C","0","2","648"
"580","0","2","647"
"584","0","2","646"
"588","0","2","645"
"58C","0","2","644"
"590","0","2","643"
"594","0","2","642"
"598","0","2","641"
"59C","0","2","640"
"5A0","0","2","639"
"5A4","0","2","638"
"5A8","0","2","637"
"5AC","0","2","636"
"5B0","0","2","635"
"5B4","0","2","634"
"5B8","0","2","633"
"5BC","0","2","632"
"5C0","0","2","631"
"5C4","0","2","630"
"5C8","0","2","629"
"5CC","0","2","628"
"5D0","0","2","627"
"5D4","0","2","626"
"5D8","0","2","625"
"5DC","0","2","624"
"5E0","0","2","623"
"5E4","0","2","622"
"5E8","0","2","621"
"5EC","0","2","620"
"5F0","0","2","619"
"5F4","0","2","618"
"5F8","0","2","617"
"5FC","0","2","616"
"600","0","2","615"
"604","0","2","614"
"608","0","2","613"
"60C","0","2","612"
"610","0","2","611"
"614","0","2","610"
"618","0","2","609"
"61C","0","2","608"
"620","0","2","607"
"624","0","2","606"
"628","0","2","605"
"62C","0","2","604"
"630","0","2","603"
"634","0","2","602"
"638","0","2","601"
"63C","0","2","600"
"640","0","2","599"
"644","0","2","598"
"648","0","2","597"
"64C","0","2","596"
"650","0","2","595"
"654","0","2","594"
"658","0","2","593"
"65C","0","2","592"
"660","0","2","591"
"664","0","2","590"
"668","0","2","589"
"66C","0","2","588"
"670","0","2","587"
"674","0","2","586"
"678","0","2","585"
"67C","0","2","584"
"680","0","2","583"
"684","0","2","582"
"688","0","2","581"
"68C","0","2","580"
"690","0","2","579"
"694","0","2","578"
"698","0","2","577"
"69C","0","2","576"
"6A0","0","2","575"
"6A4","0","2","574"
"6A8","0","2","573"
"6AC","0","2","572"
"6B0","0","2","571"
"6B4","0","2","570"
"6B8","0","2","569"
"6BC","0","2","568"
"6C0","0","2","567"
"6C4","0","2","566"
"6C8","0","2","565"
"6CC","0","2","564"
"6D0","0","2","563"
"6D4","0","2","562"
"6D8","0","2","561"
"6DC","0","2","560"
"6E0","0","2","559"
"6E4","0","2","558"
"6E8","0","2","557"
"6EC","0","2","556"
"6F0","0","2","555"
"6F4","0","2","554"
"6F8","0","2","553"
"6FC","0","2","552"
"700","0","2","551"
"704","0","2","550"
"708","0","2","549"
"70C","0","2","548"
"710","0","2","547"
"714","0","2","546"
"718","0","2","545"
"71C","0","2","544"
"720","0","2","543"
"724","0","2","542"
"728","0","2","541"
"72C","0","2","540"
"730","0","2","539"
"734","0","2","538"
"738","0","2","537"
"73C","0","2","536"
"740","0","2","535"
"744","0","2","534"
"748","0","2","533"
"74C","0","2","532"
"750","0","2","531"
"754","0","2","530"
"758","0","2","529"
"75C","0","2","528"
"760","0","2","527"
"764","0","2","526"
"768","0","2","525"
"76C","0","2","524"
"770","0","2","523"
"774","0","2","522"
"778","0","2","521"
"77C","0","2","520"
"780","0","2","519"
"784","0","2","518"
"788","0","2","517"
"78C","0","2","516"
"790","0","2","515"
"794","0","2","514"
"798","0","2","513"
"79C","0","2","512"
"7A0","0","2","511"
"7A4","0","2","510"
"7A8","0","2","509"
"7AC","0","2","508"
"7B0","0","2","507"
"7B4","0","2","506"
"7B8","0","2","505"
"7BC","0","2","504"
"7C0","0","2","503"
"7C4","0","2","502"
"7C8","0","2","501"
"7CC","0","2","500"
"7D0","0","2","499"
"7D4","0","2","498"
"7D8","0","2","497"
"7DC","0","2","496"
"7E0","0","2","495"
"7E4","0","2","494"
"7E8","0","2","493"
"7EC","0","2","492"
"7F0","0","2","491"
"7F4","0","2","490"
"7F8","0","2","489"
"7FC","0","2","488"
"800","0","2","487"
"804","0","2","486"
"808","0","2","485"
"80C","0","2","484"
"810","0","2","483"
"814","0","2","482"
"818","0","2","481"
"81C","0","2","480"
"820","0","2","479"
"824","0","2","478"
"828","0","2","477"
"82C","0","2","476"
"830","0","2","475"
"834","0","2","474"
"838","0","2","473"
"83C","0","2","472"
"840","0","2","471"
"844","0","2","470"
"848","0","2","469"
"84C","0","2","468"
"850","0","2","467"
"854","0","2","466"
"858","0","2","465"
"85C","0","2","464"
"860","0","2","463"
"864","0","2","462"
"868","0","2","461"
"86C","0","2","460"
"870","0","2","459"
"874","0","2","458"
"878","0","2","457"
"87C","0","2","456"
"880","0","2","455"
"884","0","2","454"
"888","0","2","453"
"88C","0","2","452"
"890","0","2","451"
"894","0","2","450"
"898","0","2","449"
"89C","0","2","448"
"8A0","0","2","447"
"8A4","0","2","446"
"8A8","0","2","445"
"8AC","0","2","444"
"8B0","0","2","443"
"8B4","0","2","442"
"8B8","0","2","441"
"8BC","0","2","440"
"8C0","0","2","439"
"8C4","0","2","438"
"8C8","0","2","437"
"8CC","0","2","436"
"8D0","0","2","435"
"8D4","0","2","434"
"8D8","0","2","433"
"8DC","0","2","432"
"8E0","0","2","431"
"8E4","0","2","430"
"8E8","0","2","429"
"8EC","0","2","428"
"8F0","0","2","427"
"8F4","0","2","426"
"8F8","0","2","425"
"8FC","0","2","424"
"900","0","2","423"
"904","0","2","422"
"908","0","2","421"
"90C","0","2","420"
"910","0","2","419"
"914","0","2","418"
"918","0","2","417"
"91C","0","2","416"
"920","0","2","415"
"924","0","2","414"
"928","0","2","413"
"92C","0","2","412"
"930","0","2","411"
"934","0","2","410"
"938","0","2","409"
"93C","0","2","408"
"940","0","2","407"
"944","0","2","406"
"948","0","2","405"
"94C","0","2","404"
"950","0","2","403"
"954","0","2","402"
"958","0","2","401"
"95C","0","2","400"
"960","0","2","399"
"964","0","2","398"
"968","0","2","397"
"96C","0","2","396"
"970","0","2","395"
"974","0","2","394"
"978","0","2","393"
"97C","0","2","392"
"980","0","2","391"
"984","0","2","390"
"988","0","2","389"
"98C","0","2","388"
"990","0","2","387"
"994","0","2","386"
"998","0","2","385"
"99C","0","2","384"
"9A0","0","2","383"
"9A4","0","2","382"
"9A8","0","2","381"
"9AC","0","2","380"
"9B0","0","2","379"
"9B4","0","2","378"
"9B8","0","2","377"
"9BC","0","2","376"
"9C0","0","2","375"
"9C4","0","2","374"
"9C8","0","2","373"
"9CC","0","2","372"
"9D0","0","2","371"
"9D4","0","2","370"
"9D8","0","2","369"
"9DC","0","2","368"
"9E0","0","2","367"
"9E4","0","2","366"
"9E8","0","2","365"
"9EC","0","2","364"
"9F0","0","2","363"
"9F4","0","2","362"
"9F8","0","2","361"
"9FC","0","2","360"
"A00","0","2","359"
"A04","0","2","358"
"A08","0","2","357"
"A0C","0","2","356"
"A10","0","2","355"
"A14","0","2","354"
"A18","0","2","353"
"A1C","0","2","352"
"A20","0","2","351"
"A24","0","2","350"
"A28","0","2","349"
"A2C","0","2","348"
"A30","0","2","347"
"A34","0","2","346"
"A38","0","2","345"
"A3C","0","2","344"
"A40","0","2","343"
"A44","0","2","342"
"A48","0","2","341"
"A4C","0","2","340"
"A50","0","2","339"
"A54","0","2","338"
"A58","0","2","337"
"A5C","0","2","336"
"A60","0","2","335"
"A64","0","2","334"
"A68","0","2","333"
"A6C","0","2","332"
"A70","0","2","331"
"A74","0","2","330"
"A78","0","2","329"
"A7C","0","2","328"
"A80","0","2","327"
"A84","0","2","326"
"A88","0","2","325"
"A8C","0","2","324"
"A90","0","2","323"
"A94","0","2","322"
"A98","0","2","321"
"A9C","0","2","320"
"AA0","0","2","319"
"AA4","0","2","318"
"AA8","0","2","317"
"AAC","0","2","316"
"AB0","0","2","315"
"AB4","0","2","314"
"AB8","0","2","313"
"ABC","0","2","312"
"AC0","0","2","311"
"AC4","0","2","310"
"AC8","0","2","309"
"ACC","0","2","308"
"AD0","0","2","307"
"AD4","0","2","306"
"AD8","0","2","305"
"ADC","0","2","304"
"AE0","0","2","303"
"AE4","0","2","302"
"AE8","0","2","301"
"AEC","0","2","300"
"AF0","0","2","299"
"AF4","0","2","298"
"AF8","0","2","297"
"AFC","0","2","296"
"B00","0","2","295"
"B04","0","2","294"
"B08","0","2","293"
"B0C","0","2","292"
"B10","0","2","291"
"B14","0","2","290"
"B18","0","2","289"
"B1C","0","2","288"
"B20","0","2","287"
"B24","0","2","286"
"B28","0","2","285"
"B2C","0","2","284"
"B30","0","2","283"
"B34","0","2","282"
"B38","0","2","281"
"B3C","0","2","280"
"B40","0","2","279"
"B44","0","2","278"
"B48","0","2","277"
"B4C","0","2","276"
"B50","0","2","275"
"B54","0","2","274"
"B58","0","2","273"
"B5C","0","2","272"
"B60","0","2","271"
"B64","0","2","270"
"B68","0","2","269"
"B6C","0","2","268"
"B70","0","2","267"
"B74","0","2","266"
"B78","0","2","265"
"B7C","0","2","264"
"B80","0","2","263"
"B84","0","2","262"
"B88","0","2","261"
"B8C","0","2","260"
"B90","0","2","259"
"B94","0","2","258"
"B98","0","2","257"
"B9C","0","2","256"
"BA0","0","2","255"
"BA4","0","2","254"
"BA8","0","2","253"
"BAC","0","2","252"
"BB0","0","2","251"
"BB4","0","2","250"
"BB8","0","2","249"
"BBC","0","2","248"
"BC0","0","2","247"
"BC4","0","2","246"
"BC8","0","2","245"
"BCC","0","2","244"
"BD0","0","2","243"
"BD4","0","2","242"
"BD8","0","2","241"
"BDC","0","2","240"
"BE0","0","2","239"
"BE4","0","2","238"
"BE8","0","2","237"
"BEC","0","2","236"
"BF0","0","2","235"
"BF4","0","2","234"
"BF8","0","2","233"
"BFC","0","2","232"
"C00","0","2","231"
"C04","0","2","230"
"C08","0","2","229"
"C0C","0","2","228"
"C10","0","2","227"
"C14","0","2","226"
"C18","0","2","225"
"C1C","0","2","224"
"C20","0","2","223"
"C24","0","2","222"
"C28","0","2","221"
"C2C","0","2","220"
"C30","0","2","219"
"C34","0","2","218"
"C38","0","2","217"
"C3C","0","2","216"
"C40","0","2","215"
"C44","0","2","214"
"C48","0","2","213"
"C4C","0","2","212"
"C50","0","2","211"
"C54","0","2","210"
"C58","0","2","209"
"C5C","0","2","208"
"C60","0","2","207"
"C64","0","2","206"
"C68","0","2","205"
"C6C","0","2","204"
"C70","0","2","203"
"C74","0","2","202"
"C78","0","2","201"
"C7C","0","2","200"
"C80","0","2","199"
"C84","0","2","198"
"C88","0","2","197"
"C8C","0","2","196"
"C90","0","2","195"
"C94","0","2","194"
"C98","0","2","193"
"C9C","0","2","192"
"CA0","0","2","191"
"CA4","0","2","190"
"CA8","0","2","189"
"CAC","0","2","188"
"CB0","0","2","187"
"CB4","0","2","186"
"CB8","0","2","185"
"CBC","0","2","184"
"CC0","0","2","183"
"CC4","0","2","182"
"CC8","0","2","181"
"CCC","0","2","180"
"CD0","0","2","179"
"CD4","0","2","178"
"CD8","0","2","177"
"CDC","0","2","176"
"CE0","0","2","175"
"CE4","0","2","174"
"CE8","0","2","173"
"CEC","0","2","172"
"CF0","0","2","171"
"CF4","0","2","170"
"CF8","0","2","169"
"CFC","0","2","168"
"D00","0","2","167"
"D04","0","2","166"
"D08","0","2","165"
"D0C","0","2","164"
"D10","0","2","163"
"D14","0","2","162"
"D18","0","2","161"
"D1C","0","2","160"
"D20","0","2","159"
"D24","0","2","158"
"D28","0","2","157"
"D2C","0","2","156"
"D30","0","2","155"
"D34","0","2","154"
"D38","0","2","153"
"D3C","0","2","152"
"D40","0","2","151"
"D44","0","2","150"
"D48","0","2","149"
"D4C","0","2","148"
"D50","0","2","147"
"D54","0","2","146"
"D58","0","2","145"
"D5C","0","2","144"
"D60","0","2","143"
"D64","0","2","142"
"D68","0","2","141"
"D6C","0","2","140"
"D70","0","2","139"
"D74","0","2","138"
"D78","0","2","137"
"D7C","0","2","136"
"D80","0","2","135"
"D84","0","2","134"
"D88","0","2","133"
"D8C","0","2","132"
"D90","0","2","131"
"D94","0","2","130"
"D98","0","2","129"
"D9C","0","2","128"
"DA0","0","2","127"
"DA4","0","2","126"
"DA8","0","2","125"
"DAC","0","2","124"
"DB0","0","2","123"
"DB4","0","2","122"
"DB8","0","2","121"
"DBC","0","2","120"
"DC0","0","2","119"
"DC4","0","2","118"
"DC8","0","2","117"
"DCC","0","2","116"
"DD0","0","2","115"
"DD4","0","2","114"
"DD8","0","2","113"
"DDC","0","2","112"
"DE0","0","2","111"
"DE4","0","2","110"
"DE8","0","2","109"
"DEC","0","2","108"
"DF0","0","2","107"
"DF4","0","2","106"
"DF8","0","2","105"
"DFC","0","2","104"
"E00","0","2","103"
"E04","0","2","102"
"E08","0","2","101"
"E0C","0","2","100"
"E10","0","2","099"
"E14","0","2","098"
"E18","0","2","097"
"E1C","0","2","096"
"E20","0","2","095"
"E24","0","2","094"
"E28","0","2","093"
"E2C","0","2","092"
"E30","0","2","091"
"E34","0","2","090"
"E38","0","2","089"
"E3C","0","2","088"
"E40","0","2","087"
"E44","0","2","086"
"E48","0","2","085"
"E4C","0","2","084"
"E50","0","2","083"
"E54","0","2","082"
"E58","0","2","081"
"E5C","0","2","080"
"E60","0","2","079"
"E64","0","2","078"
"E68","0","2","077"
"E6C","0","2","076"
"E70","0","2","075"
"E74","0","2","074"
"E78","0","2","073"
"E7C","0","2","072"
"E80","0","2","071"
"E84","0","2","070"
"E88","0","2","069"
"E8C","0","2","068"
"E90","0","2","067"
"E94","0","2","066"
"E98","0","2","065"
"E9C","0","2","064"
"EA0","0","2","063"
"EA4","0","2","062"
"EA8","0","2","061"
"EAC","0","2","060"
"EB0","0","2","059"
"EB4","0","2","058"
"EB8","0","2","057"
"EBC","0","2","056"
"EC0","0","2","055"
"EC4","0","2","054"
"EC8","0","2","053"
"ECC","0","2","052"
"ED0","0","2","051"
"ED4","0","2","050"
"ED8","0","2","049"
"EDC","0","2","048"
"EE0","0","2","047"
"EE4","0","2","046"
"EE8","0","2","045"
"EEC","0","2","044"
"EF0","0","2","043"
"EF4","0","2","042"
"EF8","0","2","041"
"EFC","0","2","040"
"F00","0","2","039"
"F04","0","2","038"
"F08","0","2","037"
"F0C","0","2","036"
"F10","0","2","035"
"F14","0","2","034"
"F18","0","2","033"
"F1C","0","2","032"
"F20","0","2","031"
"F24","0","2","030"
"F28","0","2","029"
"F2C","0","2","028"
"F30","0","2","027"
"F34","0","2","026"
"F38","0","2","025"
"F3C","0","2","024"
"F40","0","2","023"
"F44","0","2","022"
"F48","0","2","021"
"F4C","0","2","020"
"F50","0","2","019"
"F54","0","2","018"
"F58","0","2","017"
"F5C","0","2","016"
"F60","0","2","015"
"F64","0","2","014"
"F68","0","2","013"
"F6C","0","2","012"
"F70","0","2","011"
"F74","0","2","010"
"F78","0","2","009"
"F7C","0","2","008"
"F80","0","2","007"
"F84","0","2","006"
"F88","0","2","005"
"F8C","0","2","004"
"F90","0","2","003"
"F94","0","2","002"
"F98","0","2","001"
"F9C","0","2","000"
